image,prediction,label
ISIC_0034524.jpg,benign,benign
ISIC_0034525.jpg,benign,benign
ISIC_0034527.jpg,benign,benign
ISIC_0034528.jpg,malignant,benign
ISIC_0034529.jpg,malignant,malignant
ISIC_0034530.jpg,benign,benign
ISIC_0034532.jpg,benign,benign
ISIC_0034533.jpg,benign,benign
ISIC_0034534.jpg,benign,benign
ISIC_0034537.jpg,benign,benign
ISIC_0034540.jpg,benign,benign
ISIC_0034541.jpg,benign,benign
ISIC_0034543.jpg,benign,benign
ISIC_0034544.jpg,benign,benign
ISIC_0034548.jpg,malignant,malignant
ISIC_0034551.jpg,benign,benign
ISIC_0034552.jpg,malignant,benign
ISIC_0034553.jpg,malignant,benign
ISIC_0034556.jpg,malignant,benign
ISIC_0034557.jpg,benign,benign
ISIC_0034558.jpg,benign,benign
ISIC_0034559.jpg,malignant,benign
ISIC_0034560.jpg,malignant,benign
ISIC_0034562.jpg,benign,benign
ISIC_0034563.jpg,benign,benign
ISIC_0034564.jpg,benign,benign
ISIC_0034566.jpg,benign,benign
ISIC_0034567.jpg,benign,benign
ISIC_0034568.jpg,benign,benign
ISIC_0034569.jpg,benign,benign
ISIC_0034572.jpg,malignant,malignant
ISIC_0034573.jpg,malignant,malignant
ISIC_0034576.jpg,benign,benign
ISIC_0034577.jpg,benign,benign
ISIC_0034580.jpg,benign,benign
ISIC_0034581.jpg,benign,benign
ISIC_0034582.jpg,benign,benign
ISIC_0034583.jpg,benign,benign
ISIC_0034584.jpg,benign,malignant
ISIC_0034586.jpg,benign,benign
ISIC_0034587.jpg,malignant,benign
ISIC_0034589.jpg,benign,benign
ISIC_0034590.jpg,benign,benign
ISIC_0034592.jpg,malignant,benign
ISIC_0034593.jpg,malignant,benign
ISIC_0034594.jpg,benign,benign
ISIC_0034595.jpg,benign,malignant
ISIC_0034599.jpg,benign,benign
ISIC_0034600.jpg,malignant,benign
ISIC_0034601.jpg,malignant,benign
ISIC_0034602.jpg,benign,benign
ISIC_0034603.jpg,benign,benign
ISIC_0034604.jpg,malignant,benign
ISIC_0034605.jpg,benign,malignant
ISIC_0034607.jpg,benign,benign
ISIC_0034609.jpg,malignant,benign
ISIC_0034610.jpg,benign,benign
ISIC_0034611.jpg,malignant,benign
ISIC_0034613.jpg,benign,benign
ISIC_0034616.jpg,benign,benign
ISIC_0034617.jpg,benign,benign
ISIC_0034619.jpg,malignant,benign
ISIC_0034620.jpg,malignant,benign
ISIC_0034621.jpg,benign,benign
ISIC_0034623.jpg,benign,benign
ISIC_0034624.jpg,benign,benign
ISIC_0034625.jpg,benign,benign
ISIC_0034626.jpg,benign,benign
ISIC_0034627.jpg,malignant,benign
ISIC_0034628.jpg,malignant,malignant
ISIC_0034629.jpg,malignant,benign
ISIC_0034630.jpg,benign,malignant
ISIC_0034632.jpg,benign,benign
ISIC_0034633.jpg,malignant,malignant
ISIC_0034634.jpg,malignant,benign
ISIC_0034635.jpg,benign,benign
ISIC_0034636.jpg,benign,benign
ISIC_0034637.jpg,benign,benign
ISIC_0034638.jpg,malignant,malignant
ISIC_0034639.jpg,malignant,benign
ISIC_0034640.jpg,malignant,benign
ISIC_0034641.jpg,benign,benign
ISIC_0034643.jpg,benign,benign
ISIC_0034644.jpg,malignant,malignant
ISIC_0034645.jpg,malignant,benign
ISIC_0034648.jpg,benign,benign
ISIC_0034649.jpg,malignant,benign
ISIC_0034650.jpg,malignant,malignant
ISIC_0034653.jpg,malignant,benign
ISIC_0034654.jpg,malignant,benign
ISIC_0034655.jpg,malignant,malignant
ISIC_0034657.jpg,benign,malignant
ISIC_0034658.jpg,malignant,benign
ISIC_0034659.jpg,benign,benign
ISIC_0034660.jpg,malignant,benign
ISIC_0034661.jpg,benign,benign
ISIC_0034662.jpg,malignant,benign
ISIC_0034664.jpg,benign,benign
ISIC_0034665.jpg,benign,benign
ISIC_0034667.jpg,malignant,benign
ISIC_0034668.jpg,benign,benign
ISIC_0034670.jpg,benign,benign
ISIC_0034671.jpg,benign,benign
ISIC_0034672.jpg,benign,benign
ISIC_0034674.jpg,malignant,benign
ISIC_0034676.jpg,malignant,benign
ISIC_0034677.jpg,benign,benign
ISIC_0034678.jpg,benign,benign
ISIC_0034680.jpg,malignant,benign
ISIC_0034681.jpg,benign,benign
ISIC_0034683.jpg,benign,benign
ISIC_0034687.jpg,benign,malignant
ISIC_0034688.jpg,benign,benign
ISIC_0034689.jpg,benign,benign
ISIC_0034690.jpg,benign,benign
ISIC_0034696.jpg,benign,benign
ISIC_0034697.jpg,malignant,benign
ISIC_0034698.jpg,benign,benign
ISIC_0034700.jpg,benign,benign
ISIC_0034701.jpg,benign,benign
ISIC_0034702.jpg,benign,benign
ISIC_0034703.jpg,malignant,benign
ISIC_0034704.jpg,malignant,benign
ISIC_0034705.jpg,benign,benign
ISIC_0034707.jpg,benign,benign
ISIC_0034708.jpg,benign,benign
ISIC_0034709.jpg,benign,benign
ISIC_0034713.jpg,malignant,malignant
ISIC_0034714.jpg,malignant,malignant
ISIC_0034715.jpg,benign,benign
ISIC_0034716.jpg,malignant,benign
ISIC_0034717.jpg,benign,benign
ISIC_0034718.jpg,malignant,benign
ISIC_0034721.jpg,benign,benign
ISIC_0034722.jpg,malignant,benign
ISIC_0034725.jpg,benign,benign
ISIC_0034726.jpg,malignant,benign
ISIC_0034727.jpg,malignant,benign
ISIC_0034728.jpg,malignant,benign
ISIC_0034729.jpg,malignant,benign
ISIC_0034730.jpg,malignant,benign
ISIC_0034731.jpg,malignant,benign
ISIC_0034732.jpg,benign,benign
ISIC_0034735.jpg,benign,benign
ISIC_0034736.jpg,benign,benign
ISIC_0034737.jpg,benign,malignant
ISIC_0034738.jpg,benign,benign
ISIC_0034740.jpg,benign,benign
ISIC_0034741.jpg,benign,benign
ISIC_0034742.jpg,benign,benign
ISIC_0034743.jpg,benign,benign
ISIC_0034744.jpg,benign,benign
ISIC_0034745.jpg,benign,benign
ISIC_0034747.jpg,malignant,benign
ISIC_0034749.jpg,benign,benign
ISIC_0034752.jpg,benign,benign
ISIC_0034754.jpg,benign,benign
ISIC_0034756.jpg,benign,benign
ISIC_0034757.jpg,benign,benign
ISIC_0034761.jpg,malignant,benign
ISIC_0034762.jpg,benign,benign
ISIC_0034763.jpg,malignant,benign
ISIC_0034764.jpg,malignant,malignant
ISIC_0034765.jpg,malignant,benign
ISIC_0034767.jpg,malignant,benign
ISIC_0034768.jpg,malignant,benign
ISIC_0034769.jpg,malignant,benign
ISIC_0034771.jpg,malignant,malignant
ISIC_0034772.jpg,benign,benign
ISIC_0034773.jpg,benign,benign
ISIC_0034774.jpg,benign,benign
ISIC_0034776.jpg,benign,benign
ISIC_0034777.jpg,benign,benign
ISIC_0034778.jpg,benign,benign
ISIC_0034779.jpg,malignant,benign
ISIC_0034780.jpg,benign,benign
ISIC_0034781.jpg,benign,benign
ISIC_0034783.jpg,benign,benign
ISIC_0034784.jpg,malignant,malignant
ISIC_0034786.jpg,benign,benign
ISIC_0034787.jpg,benign,benign
ISIC_0034788.jpg,malignant,benign
ISIC_0034789.jpg,benign,benign
ISIC_0034790.jpg,benign,benign
ISIC_0034791.jpg,benign,benign
ISIC_0034792.jpg,benign,benign
ISIC_0034793.jpg,benign,benign
ISIC_0034795.jpg,malignant,benign
ISIC_0034797.jpg,benign,benign
ISIC_0034798.jpg,benign,benign
ISIC_0034800.jpg,malignant,benign
ISIC_0034801.jpg,benign,benign
ISIC_0034803.jpg,malignant,benign
ISIC_0034804.jpg,malignant,malignant
ISIC_0034806.jpg,malignant,benign
ISIC_0034807.jpg,benign,benign
ISIC_0034808.jpg,malignant,benign
ISIC_0034809.jpg,malignant,benign
ISIC_0034810.jpg,malignant,benign
ISIC_0034811.jpg,malignant,benign
ISIC_0034813.jpg,malignant,benign
ISIC_0034815.jpg,malignant,benign
ISIC_0034816.jpg,benign,benign
ISIC_0034817.jpg,benign,malignant
ISIC_0034818.jpg,benign,benign
ISIC_0034819.jpg,malignant,malignant
ISIC_0034821.jpg,benign,benign
ISIC_0034823.jpg,benign,benign
ISIC_0034824.jpg,benign,benign
ISIC_0034827.jpg,benign,benign
ISIC_0034828.jpg,malignant,benign
ISIC_0034829.jpg,benign,benign
ISIC_0034830.jpg,benign,benign
ISIC_0034831.jpg,benign,benign
ISIC_0034832.jpg,benign,benign
ISIC_0034834.jpg,benign,benign
ISIC_0034835.jpg,benign,benign
ISIC_0034836.jpg,malignant,benign
ISIC_0034837.jpg,benign,benign
ISIC_0034838.jpg,malignant,benign
ISIC_0034839.jpg,benign,benign
ISIC_0034841.jpg,malignant,benign
ISIC_0034843.jpg,malignant,benign
ISIC_0034844.jpg,benign,benign
ISIC_0034845.jpg,malignant,benign
ISIC_0034846.jpg,malignant,benign
ISIC_0034847.jpg,malignant,benign
ISIC_0034848.jpg,benign,benign
ISIC_0034851.jpg,benign,benign
ISIC_0034852.jpg,benign,benign
ISIC_0034853.jpg,benign,benign
ISIC_0034854.jpg,benign,benign
ISIC_0034855.jpg,malignant,benign
ISIC_0034856.jpg,benign,benign
ISIC_0034857.jpg,benign,benign
ISIC_0034859.jpg,benign,malignant
ISIC_0034860.jpg,benign,benign
ISIC_0034861.jpg,benign,benign
ISIC_0034862.jpg,malignant,benign
ISIC_0034863.jpg,benign,malignant
ISIC_0034864.jpg,malignant,benign
ISIC_0034865.jpg,malignant,benign
ISIC_0034866.jpg,malignant,benign
ISIC_0034867.jpg,benign,benign
ISIC_0034868.jpg,benign,benign
ISIC_0034869.jpg,benign,benign
ISIC_0034871.jpg,benign,malignant
ISIC_0034872.jpg,benign,benign
ISIC_0034873.jpg,benign,malignant
ISIC_0034874.jpg,malignant,malignant
ISIC_0034875.jpg,malignant,malignant
ISIC_0034877.jpg,malignant,benign
ISIC_0034878.jpg,benign,benign
ISIC_0034880.jpg,benign,benign
ISIC_0034881.jpg,benign,benign
ISIC_0034882.jpg,benign,malignant
ISIC_0034883.jpg,malignant,benign
ISIC_0034884.jpg,benign,benign
ISIC_0034885.jpg,benign,benign
ISIC_0034886.jpg,benign,benign
ISIC_0034889.jpg,malignant,benign
ISIC_0034890.jpg,benign,benign
ISIC_0034892.jpg,benign,benign
ISIC_0034893.jpg,benign,benign
ISIC_0034894.jpg,malignant,benign
ISIC_0034895.jpg,malignant,malignant
ISIC_0034897.jpg,malignant,benign
ISIC_0034900.jpg,benign,benign
ISIC_0034901.jpg,benign,benign
ISIC_0034902.jpg,benign,benign
ISIC_0034903.jpg,benign,benign
ISIC_0034904.jpg,malignant,malignant
ISIC_0034907.jpg,benign,benign
ISIC_0034908.jpg,malignant,benign
ISIC_0034909.jpg,malignant,benign
ISIC_0034912.jpg,benign,benign
ISIC_0034913.jpg,benign,benign
ISIC_0034916.jpg,malignant,benign
ISIC_0034917.jpg,malignant,benign
ISIC_0034918.jpg,benign,malignant
ISIC_0034919.jpg,benign,benign
ISIC_0034920.jpg,malignant,benign
ISIC_0034921.jpg,malignant,benign
ISIC_0034922.jpg,benign,benign
ISIC_0034923.jpg,benign,benign
ISIC_0034924.jpg,malignant,benign
ISIC_0034925.jpg,malignant,benign
ISIC_0034926.jpg,malignant,malignant
ISIC_0034927.jpg,malignant,benign
ISIC_0034928.jpg,benign,benign
ISIC_0034932.jpg,malignant,benign
ISIC_0034933.jpg,benign,benign
ISIC_0034934.jpg,benign,malignant
ISIC_0034935.jpg,benign,benign
ISIC_0034938.jpg,malignant,benign
ISIC_0034940.jpg,benign,benign
ISIC_0034941.jpg,malignant,benign
ISIC_0034942.jpg,malignant,benign
ISIC_0034943.jpg,benign,benign
ISIC_0034944.jpg,malignant,benign
ISIC_0034945.jpg,benign,benign
ISIC_0034947.jpg,benign,benign
ISIC_0034949.jpg,malignant,malignant
ISIC_0034950.jpg,malignant,benign
ISIC_0034955.jpg,benign,benign
ISIC_0034956.jpg,malignant,benign
ISIC_0034957.jpg,malignant,malignant
ISIC_0034958.jpg,benign,malignant
ISIC_0034959.jpg,malignant,malignant
ISIC_0034962.jpg,malignant,benign
ISIC_0034964.jpg,malignant,benign
ISIC_0034965.jpg,benign,benign
ISIC_0034967.jpg,benign,benign
ISIC_0034968.jpg,malignant,benign
ISIC_0034971.jpg,malignant,malignant
ISIC_0034973.jpg,malignant,benign
ISIC_0034974.jpg,benign,benign
ISIC_0034975.jpg,benign,benign
ISIC_0034976.jpg,benign,benign
ISIC_0034977.jpg,benign,benign
ISIC_0034978.jpg,benign,benign
ISIC_0034979.jpg,benign,benign
ISIC_0034983.jpg,benign,benign
ISIC_0034984.jpg,benign,benign
ISIC_0034985.jpg,benign,benign
ISIC_0034986.jpg,malignant,benign
ISIC_0034988.jpg,benign,malignant
ISIC_0034989.jpg,benign,benign
ISIC_0034990.jpg,malignant,benign
ISIC_0034991.jpg,malignant,benign
ISIC_0034992.jpg,malignant,benign
ISIC_0034996.jpg,benign,benign
ISIC_0034998.jpg,benign,malignant
ISIC_0035000.jpg,malignant,malignant
ISIC_0035002.jpg,benign,benign
ISIC_0035003.jpg,malignant,benign
ISIC_0035005.jpg,benign,benign
ISIC_0035006.jpg,benign,benign
ISIC_0035007.jpg,malignant,benign
ISIC_0035009.jpg,malignant,benign
ISIC_0035011.jpg,benign,benign
ISIC_0035013.jpg,malignant,benign
ISIC_0035014.jpg,malignant,benign
ISIC_0035015.jpg,benign,benign
ISIC_0035016.jpg,benign,benign
ISIC_0035017.jpg,benign,benign
ISIC_0035019.jpg,malignant,benign
ISIC_0035020.jpg,malignant,benign
ISIC_0035021.jpg,benign,malignant
ISIC_0035022.jpg,benign,benign
ISIC_0035023.jpg,malignant,benign
ISIC_0035024.jpg,malignant,benign
ISIC_0035025.jpg,benign,benign
ISIC_0035027.jpg,benign,benign
ISIC_0035030.jpg,benign,benign
ISIC_0035031.jpg,malignant,benign
ISIC_0035034.jpg,malignant,benign
ISIC_0035036.jpg,malignant,benign
ISIC_0035038.jpg,malignant,benign
ISIC_0035044.jpg,malignant,benign
ISIC_0035045.jpg,malignant,benign
ISIC_0035046.jpg,benign,benign
ISIC_0035047.jpg,malignant,malignant
ISIC_0035048.jpg,benign,malignant
ISIC_0035049.jpg,malignant,benign
ISIC_0035050.jpg,malignant,benign
ISIC_0035051.jpg,malignant,benign
ISIC_0035052.jpg,benign,benign
ISIC_0035053.jpg,benign,benign
ISIC_0035055.jpg,benign,benign
ISIC_0035056.jpg,benign,benign
ISIC_0035058.jpg,benign,benign
ISIC_0035059.jpg,benign,benign
ISIC_0035060.jpg,benign,benign
ISIC_0035061.jpg,malignant,benign
ISIC_0035062.jpg,benign,benign
ISIC_0035063.jpg,benign,benign
ISIC_0035065.jpg,benign,benign
ISIC_0035066.jpg,malignant,benign
ISIC_0035067.jpg,malignant,benign
ISIC_0035068.jpg,malignant,benign
ISIC_0035070.jpg,malignant,malignant
ISIC_0035071.jpg,benign,benign
ISIC_0035073.jpg,benign,benign
ISIC_0035074.jpg,benign,benign
ISIC_0035077.jpg,benign,benign
ISIC_0035079.jpg,benign,benign
ISIC_0035080.jpg,malignant,benign
ISIC_0035081.jpg,malignant,malignant
ISIC_0035082.jpg,benign,benign
ISIC_0035083.jpg,benign,benign
ISIC_0035084.jpg,malignant,benign
ISIC_0035085.jpg,benign,benign
ISIC_0035086.jpg,benign,benign
ISIC_0035087.jpg,benign,benign
ISIC_0035088.jpg,benign,benign
ISIC_0035089.jpg,benign,malignant
ISIC_0035090.jpg,malignant,malignant
ISIC_0035091.jpg,benign,benign
ISIC_0035092.jpg,benign,benign
ISIC_0035093.jpg,benign,benign
ISIC_0035094.jpg,benign,benign
ISIC_0035096.jpg,benign,benign
ISIC_0035097.jpg,benign,benign
ISIC_0035098.jpg,malignant,benign
ISIC_0035099.jpg,malignant,malignant
ISIC_0035100.jpg,malignant,benign
ISIC_0035101.jpg,benign,benign
ISIC_0035102.jpg,benign,benign
ISIC_0035103.jpg,benign,benign
ISIC_0035105.jpg,benign,benign
ISIC_0035107.jpg,benign,benign
ISIC_0035108.jpg,malignant,benign
ISIC_0035111.jpg,malignant,benign
ISIC_0035113.jpg,benign,benign
ISIC_0035114.jpg,benign,benign
ISIC_0035116.jpg,benign,benign
ISIC_0035118.jpg,malignant,benign
ISIC_0035121.jpg,benign,benign
ISIC_0035122.jpg,malignant,benign
ISIC_0035123.jpg,benign,benign
ISIC_0035124.jpg,malignant,malignant
ISIC_0035126.jpg,benign,benign
ISIC_0035129.jpg,benign,benign
ISIC_0035130.jpg,malignant,malignant
ISIC_0035132.jpg,benign,benign
ISIC_0035133.jpg,benign,benign
ISIC_0035134.jpg,benign,benign
ISIC_0035135.jpg,benign,benign
ISIC_0035137.jpg,malignant,benign
ISIC_0035138.jpg,benign,benign
ISIC_0035139.jpg,malignant,malignant
ISIC_0035140.jpg,malignant,benign
ISIC_0035143.jpg,malignant,benign
ISIC_0035144.jpg,benign,benign
ISIC_0035145.jpg,benign,benign
ISIC_0035146.jpg,malignant,benign
ISIC_0035148.jpg,malignant,benign
ISIC_0035150.jpg,benign,benign
ISIC_0035152.jpg,malignant,benign
ISIC_0035153.jpg,benign,benign
ISIC_0035156.jpg,benign,benign
ISIC_0035157.jpg,malignant,benign
ISIC_0035158.jpg,benign,benign
ISIC_0035160.jpg,benign,benign
ISIC_0035161.jpg,benign,benign
ISIC_0035162.jpg,benign,benign
ISIC_0035164.jpg,malignant,benign
ISIC_0035165.jpg,malignant,benign
ISIC_0035166.jpg,benign,benign
ISIC_0035167.jpg,malignant,benign
ISIC_0035169.jpg,malignant,benign
ISIC_0035170.jpg,benign,benign
ISIC_0035172.jpg,benign,benign
ISIC_0035173.jpg,benign,benign
ISIC_0035175.jpg,benign,benign
ISIC_0035176.jpg,malignant,benign
ISIC_0035177.jpg,malignant,malignant
ISIC_0035178.jpg,malignant,benign
ISIC_0035181.jpg,benign,benign
ISIC_0035182.jpg,benign,benign
ISIC_0035184.jpg,malignant,benign
ISIC_0035186.jpg,benign,benign
ISIC_0035187.jpg,malignant,benign
ISIC_0035188.jpg,malignant,benign
ISIC_0035189.jpg,benign,benign
ISIC_0035191.jpg,benign,benign
ISIC_0035192.jpg,benign,benign
ISIC_0035193.jpg,malignant,benign
ISIC_0035195.jpg,benign,benign
ISIC_0035196.jpg,malignant,malignant
ISIC_0035197.jpg,benign,benign
ISIC_0035198.jpg,malignant,benign
ISIC_0035199.jpg,benign,benign
ISIC_0035200.jpg,malignant,benign
ISIC_0035201.jpg,benign,benign
ISIC_0035204.jpg,malignant,benign
ISIC_0035205.jpg,malignant,benign
ISIC_0035207.jpg,benign,malignant
ISIC_0035208.jpg,benign,benign
ISIC_0035209.jpg,benign,benign
ISIC_0035211.jpg,malignant,benign
ISIC_0035213.jpg,benign,benign
ISIC_0035214.jpg,malignant,benign
ISIC_0035215.jpg,malignant,benign
ISIC_0035216.jpg,benign,malignant
ISIC_0035217.jpg,benign,benign
ISIC_0035219.jpg,malignant,benign
ISIC_0035220.jpg,benign,benign
ISIC_0035221.jpg,malignant,benign
ISIC_0035222.jpg,malignant,benign
ISIC_0035223.jpg,malignant,benign
ISIC_0035224.jpg,benign,malignant
ISIC_0035225.jpg,benign,benign
ISIC_0035227.jpg,benign,benign
ISIC_0035228.jpg,malignant,benign
ISIC_0035229.jpg,benign,malignant
ISIC_0035230.jpg,benign,benign
ISIC_0035231.jpg,benign,benign
ISIC_0035232.jpg,malignant,malignant
ISIC_0035233.jpg,malignant,benign
ISIC_0035234.jpg,malignant,benign
ISIC_0035235.jpg,malignant,benign
ISIC_0035236.jpg,benign,benign
ISIC_0035237.jpg,benign,benign
ISIC_0035238.jpg,benign,benign
ISIC_0035240.jpg,benign,malignant
ISIC_0035241.jpg,malignant,benign
ISIC_0035242.jpg,malignant,benign
ISIC_0035244.jpg,benign,benign
ISIC_0035245.jpg,benign,benign
ISIC_0035246.jpg,benign,benign
ISIC_0035248.jpg,benign,malignant
ISIC_0035250.jpg,benign,benign
ISIC_0035253.jpg,malignant,benign
ISIC_0035255.jpg,malignant,benign
ISIC_0035256.jpg,malignant,benign
ISIC_0035257.jpg,benign,benign
ISIC_0035260.jpg,benign,benign
ISIC_0035263.jpg,malignant,malignant
ISIC_0035265.jpg,malignant,benign
ISIC_0035266.jpg,benign,benign
ISIC_0035267.jpg,malignant,benign
ISIC_0035268.jpg,benign,benign
ISIC_0035271.jpg,malignant,malignant
ISIC_0035272.jpg,benign,benign
ISIC_0035273.jpg,benign,benign
ISIC_0035274.jpg,benign,benign
ISIC_0035275.jpg,malignant,benign
ISIC_0035278.jpg,benign,benign
ISIC_0035280.jpg,benign,malignant
ISIC_0035281.jpg,benign,benign
ISIC_0035282.jpg,benign,benign
ISIC_0035283.jpg,benign,benign
ISIC_0035285.jpg,malignant,benign
ISIC_0035286.jpg,malignant,benign
ISIC_0035288.jpg,malignant,benign
ISIC_0035289.jpg,benign,benign
ISIC_0035290.jpg,malignant,benign
ISIC_0035292.jpg,benign,benign
ISIC_0035294.jpg,benign,benign
ISIC_0035295.jpg,benign,benign
ISIC_0035296.jpg,benign,benign
ISIC_0035297.jpg,benign,benign
ISIC_0035298.jpg,benign,benign
ISIC_0035299.jpg,benign,benign
ISIC_0035300.jpg,malignant,benign
ISIC_0035301.jpg,benign,benign
ISIC_0035302.jpg,benign,benign
ISIC_0035303.jpg,benign,benign
ISIC_0035304.jpg,malignant,benign
ISIC_0035306.jpg,malignant,malignant
ISIC_0035307.jpg,benign,benign
ISIC_0035309.jpg,benign,benign
ISIC_0035311.jpg,benign,benign
ISIC_0035312.jpg,malignant,benign
ISIC_0035313.jpg,benign,malignant
ISIC_0035314.jpg,benign,benign
ISIC_0035315.jpg,benign,benign
ISIC_0035319.jpg,malignant,benign
ISIC_0035320.jpg,benign,benign
ISIC_0035323.jpg,benign,benign
ISIC_0035324.jpg,malignant,benign
ISIC_0035325.jpg,benign,benign
ISIC_0035326.jpg,benign,malignant
ISIC_0035327.jpg,benign,benign
ISIC_0035328.jpg,benign,benign
ISIC_0035329.jpg,benign,benign
ISIC_0035333.jpg,malignant,benign
ISIC_0035335.jpg,malignant,benign
ISIC_0035336.jpg,malignant,benign
ISIC_0035337.jpg,malignant,benign
ISIC_0035339.jpg,benign,benign
ISIC_0035341.jpg,malignant,benign
ISIC_0035342.jpg,malignant,benign
ISIC_0035343.jpg,benign,benign
ISIC_0035344.jpg,malignant,benign
ISIC_0035345.jpg,benign,malignant
ISIC_0035346.jpg,malignant,benign
ISIC_0035347.jpg,malignant,benign
ISIC_0035349.jpg,benign,benign
ISIC_0035350.jpg,malignant,benign
ISIC_0035351.jpg,benign,malignant
ISIC_0035352.jpg,benign,benign
ISIC_0035353.jpg,malignant,benign
ISIC_0035354.jpg,benign,benign
ISIC_0035356.jpg,benign,benign
ISIC_0035358.jpg,benign,benign
ISIC_0035359.jpg,malignant,benign
ISIC_0035361.jpg,benign,benign
ISIC_0035362.jpg,benign,malignant
ISIC_0035363.jpg,benign,benign
ISIC_0035365.jpg,benign,benign
ISIC_0035366.jpg,malignant,malignant
ISIC_0035367.jpg,benign,benign
ISIC_0035369.jpg,benign,benign
ISIC_0035370.jpg,benign,benign
ISIC_0035373.jpg,benign,benign
ISIC_0035375.jpg,malignant,benign
ISIC_0035377.jpg,benign,benign
ISIC_0035378.jpg,benign,benign
ISIC_0035379.jpg,benign,benign
ISIC_0035380.jpg,benign,benign
ISIC_0035381.jpg,benign,benign
ISIC_0035382.jpg,malignant,benign
ISIC_0035383.jpg,malignant,benign
ISIC_0035384.jpg,benign,benign
ISIC_0035385.jpg,malignant,benign
ISIC_0035386.jpg,malignant,benign
ISIC_0035387.jpg,benign,benign
ISIC_0035390.jpg,benign,benign
ISIC_0035392.jpg,malignant,benign
ISIC_0035393.jpg,malignant,malignant
ISIC_0035394.jpg,malignant,benign
ISIC_0035395.jpg,malignant,benign
ISIC_0035396.jpg,benign,benign
ISIC_0035397.jpg,malignant,malignant
ISIC_0035398.jpg,benign,benign
ISIC_0035399.jpg,benign,benign
ISIC_0035400.jpg,benign,benign
ISIC_0035401.jpg,benign,benign
ISIC_0035402.jpg,benign,benign
ISIC_0035404.jpg,malignant,benign
ISIC_0035405.jpg,benign,benign
ISIC_0035406.jpg,benign,malignant
ISIC_0035407.jpg,benign,benign
ISIC_0035408.jpg,malignant,benign
ISIC_0035409.jpg,malignant,benign
ISIC_0035410.jpg,benign,benign
ISIC_0035411.jpg,benign,benign
ISIC_0035412.jpg,benign,benign
ISIC_0035413.jpg,benign,benign
ISIC_0035414.jpg,malignant,malignant
ISIC_0035417.jpg,benign,benign
ISIC_0035418.jpg,benign,benign
ISIC_0035419.jpg,benign,benign
ISIC_0035420.jpg,benign,malignant
ISIC_0035422.jpg,benign,benign
ISIC_0035423.jpg,benign,benign
ISIC_0035425.jpg,benign,benign
ISIC_0035427.jpg,benign,benign
ISIC_0035428.jpg,benign,benign
ISIC_0035429.jpg,malignant,benign
ISIC_0035430.jpg,malignant,malignant
ISIC_0035431.jpg,benign,benign
ISIC_0035433.jpg,malignant,benign
ISIC_0035434.jpg,malignant,malignant
ISIC_0035435.jpg,malignant,benign
ISIC_0035437.jpg,benign,benign
ISIC_0035438.jpg,benign,benign
ISIC_0035441.jpg,malignant,benign
ISIC_0035442.jpg,malignant,benign
ISIC_0035444.jpg,malignant,benign
ISIC_0035445.jpg,benign,benign
ISIC_0035447.jpg,benign,benign
ISIC_0035448.jpg,malignant,benign
ISIC_0035449.jpg,benign,benign
ISIC_0035452.jpg,benign,benign
ISIC_0035453.jpg,benign,benign
ISIC_0035455.jpg,benign,benign
ISIC_0035456.jpg,benign,benign
ISIC_0035457.jpg,benign,benign
ISIC_0035458.jpg,benign,benign
ISIC_0035459.jpg,benign,malignant
ISIC_0035460.jpg,malignant,malignant
ISIC_0035461.jpg,malignant,benign
ISIC_0035462.jpg,malignant,malignant
ISIC_0035465.jpg,malignant,benign
ISIC_0035467.jpg,benign,benign
ISIC_0035469.jpg,benign,benign
ISIC_0035470.jpg,benign,benign
ISIC_0035473.jpg,benign,benign
ISIC_0035474.jpg,benign,benign
ISIC_0035476.jpg,benign,benign
ISIC_0035477.jpg,benign,benign
ISIC_0035478.jpg,malignant,malignant
ISIC_0035479.jpg,benign,benign
ISIC_0035480.jpg,malignant,benign
ISIC_0035481.jpg,benign,benign
ISIC_0035482.jpg,malignant,benign
ISIC_0035483.jpg,benign,benign
ISIC_0035484.jpg,malignant,benign
ISIC_0035485.jpg,malignant,benign
ISIC_0035486.jpg,malignant,malignant
ISIC_0035488.jpg,benign,benign
ISIC_0035489.jpg,benign,benign
ISIC_0035491.jpg,benign,benign
ISIC_0035492.jpg,benign,benign
ISIC_0035493.jpg,benign,benign
ISIC_0035494.jpg,benign,benign
ISIC_0035495.jpg,malignant,benign
ISIC_0035496.jpg,benign,benign
ISIC_0035497.jpg,malignant,benign
ISIC_0035498.jpg,benign,benign
ISIC_0035499.jpg,benign,benign
ISIC_0035500.jpg,benign,benign
ISIC_0035501.jpg,benign,benign
ISIC_0035503.jpg,benign,benign
ISIC_0035505.jpg,malignant,malignant
ISIC_0035506.jpg,malignant,benign
ISIC_0035507.jpg,benign,benign
ISIC_0035508.jpg,benign,benign
ISIC_0035509.jpg,benign,benign
ISIC_0035510.jpg,malignant,malignant
ISIC_0035512.jpg,benign,benign
ISIC_0035513.jpg,benign,benign
ISIC_0035515.jpg,benign,benign
ISIC_0035516.jpg,malignant,benign
ISIC_0035518.jpg,malignant,benign
ISIC_0035519.jpg,malignant,benign
ISIC_0035520.jpg,benign,benign
ISIC_0035521.jpg,benign,benign
ISIC_0035522.jpg,benign,malignant
ISIC_0035523.jpg,benign,benign
ISIC_0035524.jpg,benign,benign
ISIC_0035525.jpg,benign,malignant
ISIC_0035526.jpg,benign,benign
ISIC_0035527.jpg,benign,benign
ISIC_0035528.jpg,benign,benign
ISIC_0035529.jpg,benign,benign
ISIC_0035530.jpg,malignant,benign
ISIC_0035531.jpg,benign,benign
ISIC_0035532.jpg,benign,benign
ISIC_0035534.jpg,malignant,benign
ISIC_0035535.jpg,benign,benign
ISIC_0035536.jpg,benign,benign
ISIC_0035537.jpg,benign,benign
ISIC_0035539.jpg,malignant,benign
ISIC_0035540.jpg,benign,benign
ISIC_0035541.jpg,benign,benign
ISIC_0035542.jpg,malignant,benign
ISIC_0035543.jpg,benign,benign
ISIC_0035544.jpg,malignant,benign
ISIC_0035545.jpg,benign,benign
ISIC_0035546.jpg,malignant,benign
ISIC_0035548.jpg,malignant,benign
ISIC_0035550.jpg,benign,malignant
ISIC_0035551.jpg,benign,benign
ISIC_0035554.jpg,benign,benign
ISIC_0035555.jpg,malignant,benign
ISIC_0035557.jpg,benign,benign
ISIC_0035558.jpg,malignant,malignant
ISIC_0035559.jpg,benign,benign
ISIC_0035560.jpg,benign,benign
ISIC_0035561.jpg,benign,malignant
ISIC_0035562.jpg,malignant,malignant
ISIC_0035563.jpg,benign,benign
ISIC_0035565.jpg,benign,benign
ISIC_0035566.jpg,malignant,benign
ISIC_0035567.jpg,benign,benign
ISIC_0035568.jpg,benign,benign
ISIC_0035569.jpg,malignant,benign
ISIC_0035571.jpg,benign,benign
ISIC_0035572.jpg,benign,benign
ISIC_0035573.jpg,benign,benign
ISIC_0035574.jpg,benign,benign
ISIC_0035575.jpg,benign,benign
ISIC_0035576.jpg,benign,benign
ISIC_0035577.jpg,malignant,benign
ISIC_0035578.jpg,benign,benign
ISIC_0035579.jpg,benign,benign
ISIC_0035580.jpg,benign,benign
ISIC_0035581.jpg,malignant,benign
ISIC_0035582.jpg,benign,benign
ISIC_0035583.jpg,benign,benign
ISIC_0035587.jpg,malignant,benign
ISIC_0035591.jpg,benign,benign
ISIC_0035592.jpg,benign,benign
ISIC_0035596.jpg,benign,benign
ISIC_0035597.jpg,benign,benign
ISIC_0035598.jpg,benign,benign
ISIC_0035600.jpg,malignant,benign
ISIC_0035601.jpg,malignant,benign
ISIC_0035602.jpg,benign,malignant
ISIC_0035604.jpg,malignant,benign
ISIC_0035605.jpg,malignant,malignant
ISIC_0035606.jpg,benign,malignant
ISIC_0035609.jpg,benign,benign
ISIC_0035610.jpg,malignant,malignant
ISIC_0035611.jpg,benign,benign
ISIC_0035614.jpg,benign,benign
ISIC_0035615.jpg,benign,benign
ISIC_0035616.jpg,malignant,benign
ISIC_0035617.jpg,benign,benign
ISIC_0035618.jpg,malignant,benign
ISIC_0035621.jpg,malignant,benign
ISIC_0035623.jpg,benign,benign
ISIC_0035628.jpg,benign,benign
ISIC_0035629.jpg,malignant,malignant
ISIC_0035632.jpg,malignant,benign
ISIC_0035636.jpg,malignant,malignant
ISIC_0035637.jpg,malignant,malignant
ISIC_0035638.jpg,benign,benign
ISIC_0035639.jpg,benign,benign
ISIC_0035640.jpg,malignant,malignant
ISIC_0035641.jpg,benign,benign
ISIC_0035644.jpg,malignant,benign
ISIC_0035646.jpg,malignant,benign
ISIC_0035647.jpg,benign,benign
ISIC_0035648.jpg,benign,benign
ISIC_0035649.jpg,benign,benign
ISIC_0035651.jpg,malignant,malignant
ISIC_0035652.jpg,malignant,benign
ISIC_0035653.jpg,malignant,malignant
ISIC_0035654.jpg,benign,benign
ISIC_0035656.jpg,benign,benign
ISIC_0035657.jpg,malignant,benign
ISIC_0035659.jpg,malignant,benign
ISIC_0035662.jpg,benign,benign
ISIC_0035663.jpg,benign,malignant
ISIC_0035665.jpg,benign,benign
ISIC_0035666.jpg,benign,benign
ISIC_0035668.jpg,benign,benign
ISIC_0035670.jpg,malignant,malignant
ISIC_0035671.jpg,benign,benign
ISIC_0035672.jpg,benign,benign
ISIC_0035673.jpg,benign,benign
ISIC_0035674.jpg,malignant,benign
ISIC_0035678.jpg,benign,benign
ISIC_0035680.jpg,benign,malignant
ISIC_0035681.jpg,benign,benign
ISIC_0035682.jpg,benign,malignant
ISIC_0035684.jpg,malignant,benign
ISIC_0035686.jpg,benign,benign
ISIC_0035687.jpg,benign,benign
ISIC_0035688.jpg,benign,benign
ISIC_0035689.jpg,benign,benign
ISIC_0035690.jpg,malignant,malignant
ISIC_0035693.jpg,malignant,benign
ISIC_0035696.jpg,benign,malignant
ISIC_0035697.jpg,malignant,benign
ISIC_0035698.jpg,malignant,malignant
ISIC_0035699.jpg,malignant,benign
ISIC_0035700.jpg,malignant,malignant
ISIC_0035702.jpg,malignant,benign
ISIC_0035703.jpg,benign,benign
ISIC_0035704.jpg,benign,benign
ISIC_0035705.jpg,benign,malignant
ISIC_0035706.jpg,benign,benign
ISIC_0035707.jpg,benign,benign
ISIC_0035708.jpg,malignant,malignant
ISIC_0035709.jpg,benign,benign
ISIC_0035710.jpg,malignant,benign
ISIC_0035711.jpg,malignant,malignant
ISIC_0035712.jpg,benign,benign
ISIC_0035713.jpg,malignant,benign
ISIC_0035714.jpg,malignant,malignant
ISIC_0035716.jpg,benign,benign
ISIC_0035717.jpg,benign,benign
ISIC_0035719.jpg,malignant,malignant
ISIC_0035720.jpg,malignant,malignant
ISIC_0035721.jpg,malignant,malignant
ISIC_0035722.jpg,benign,benign
ISIC_0035725.jpg,benign,benign
ISIC_0035726.jpg,benign,benign
ISIC_0035727.jpg,benign,benign
ISIC_0035728.jpg,benign,benign
ISIC_0035731.jpg,benign,benign
ISIC_0035732.jpg,malignant,malignant
ISIC_0035734.jpg,malignant,benign
ISIC_0035736.jpg,malignant,malignant
ISIC_0035738.jpg,benign,benign
ISIC_0035740.jpg,malignant,benign
ISIC_0035742.jpg,benign,benign
ISIC_0035743.jpg,malignant,benign
ISIC_0035745.jpg,benign,benign
ISIC_0035746.jpg,benign,benign
ISIC_0035747.jpg,malignant,malignant
ISIC_0035748.jpg,malignant,malignant
ISIC_0035749.jpg,malignant,benign
ISIC_0035756.jpg,malignant,malignant
ISIC_0035757.jpg,benign,benign
ISIC_0035758.jpg,benign,benign
ISIC_0035760.jpg,benign,benign
ISIC_0035762.jpg,benign,benign
ISIC_0035764.jpg,malignant,malignant
ISIC_0035766.jpg,benign,malignant
ISIC_0035767.jpg,benign,malignant
ISIC_0035769.jpg,benign,benign
ISIC_0035770.jpg,malignant,benign
ISIC_0035771.jpg,malignant,benign
ISIC_0035773.jpg,malignant,benign
ISIC_0035774.jpg,malignant,benign
ISIC_0035775.jpg,benign,benign
ISIC_0035777.jpg,benign,benign
ISIC_0035779.jpg,malignant,benign
ISIC_0035780.jpg,benign,benign
ISIC_0035781.jpg,benign,benign
ISIC_0035782.jpg,benign,benign
ISIC_0035783.jpg,benign,benign
ISIC_0035784.jpg,malignant,benign
ISIC_0035785.jpg,benign,benign
ISIC_0035786.jpg,benign,benign
ISIC_0035788.jpg,benign,benign
ISIC_0035789.jpg,malignant,malignant
ISIC_0035791.jpg,benign,benign
ISIC_0035792.jpg,benign,benign
ISIC_0035793.jpg,benign,benign
ISIC_0035794.jpg,malignant,malignant
ISIC_0035795.jpg,benign,benign
ISIC_0035796.jpg,benign,benign
ISIC_0035797.jpg,benign,benign
ISIC_0035798.jpg,malignant,benign
ISIC_0035800.jpg,benign,benign
ISIC_0035801.jpg,malignant,benign
ISIC_0035803.jpg,benign,benign
ISIC_0035804.jpg,benign,benign
ISIC_0035806.jpg,benign,benign
ISIC_0035808.jpg,benign,benign
ISIC_0035809.jpg,benign,benign
ISIC_0035811.jpg,benign,benign
ISIC_0035812.jpg,benign,benign
ISIC_0035813.jpg,malignant,benign
ISIC_0035815.jpg,benign,benign
ISIC_0035816.jpg,benign,malignant
ISIC_0035817.jpg,benign,benign
ISIC_0035819.jpg,malignant,malignant
ISIC_0035820.jpg,benign,benign
ISIC_0035822.jpg,malignant,benign
ISIC_0035823.jpg,malignant,malignant
ISIC_0035825.jpg,malignant,malignant
ISIC_0035826.jpg,malignant,malignant
ISIC_0035827.jpg,malignant,malignant
ISIC_0035828.jpg,benign,benign
ISIC_0035830.jpg,malignant,benign
ISIC_0035832.jpg,malignant,benign
ISIC_0035835.jpg,benign,benign
ISIC_0035836.jpg,malignant,benign
ISIC_0035837.jpg,benign,benign
ISIC_0035838.jpg,benign,benign
ISIC_0035839.jpg,malignant,benign
ISIC_0035840.jpg,benign,benign
ISIC_0035841.jpg,malignant,benign
ISIC_0035843.jpg,benign,benign
ISIC_0035845.jpg,malignant,malignant
ISIC_0035846.jpg,malignant,malignant
ISIC_0035849.jpg,malignant,benign
ISIC_0035850.jpg,benign,benign
ISIC_0035851.jpg,malignant,benign
ISIC_0035853.jpg,malignant,malignant
ISIC_0035854.jpg,malignant,malignant
ISIC_0035856.jpg,benign,benign
ISIC_0035857.jpg,benign,benign
ISIC_0035858.jpg,benign,benign
ISIC_0035859.jpg,malignant,benign
ISIC_0035860.jpg,malignant,benign
ISIC_0035861.jpg,malignant,benign
ISIC_0035862.jpg,benign,benign
ISIC_0035864.jpg,benign,benign
ISIC_0035867.jpg,benign,benign
ISIC_0035868.jpg,benign,malignant
ISIC_0035869.jpg,malignant,benign
ISIC_0035870.jpg,benign,benign
ISIC_0035872.jpg,malignant,benign
ISIC_0035874.jpg,benign,benign
ISIC_0035875.jpg,malignant,benign
ISIC_0035877.jpg,benign,malignant
ISIC_0035879.jpg,benign,benign
ISIC_0035880.jpg,benign,benign
ISIC_0035883.jpg,malignant,benign
ISIC_0035884.jpg,malignant,benign
ISIC_0035885.jpg,benign,benign
ISIC_0035886.jpg,benign,benign
ISIC_0035887.jpg,malignant,malignant
ISIC_0035888.jpg,benign,malignant
ISIC_0035889.jpg,malignant,malignant
ISIC_0035891.jpg,benign,benign
ISIC_0035892.jpg,benign,benign
ISIC_0035893.jpg,benign,benign
ISIC_0035894.jpg,benign,malignant
ISIC_0035895.jpg,benign,benign
ISIC_0035896.jpg,malignant,benign
ISIC_0035897.jpg,benign,benign
ISIC_0035898.jpg,benign,benign
ISIC_0035900.jpg,malignant,malignant
ISIC_0035902.jpg,malignant,malignant
ISIC_0035903.jpg,benign,benign
ISIC_0035906.jpg,benign,benign
ISIC_0035907.jpg,benign,benign
ISIC_0035909.jpg,benign,benign
ISIC_0035911.jpg,malignant,malignant
ISIC_0035912.jpg,benign,benign
ISIC_0035913.jpg,benign,malignant
ISIC_0035914.jpg,malignant,malignant
ISIC_0035916.jpg,benign,benign
ISIC_0035920.jpg,malignant,malignant
ISIC_0035921.jpg,benign,benign
ISIC_0035922.jpg,malignant,malignant
ISIC_0035923.jpg,malignant,malignant
ISIC_0035924.jpg,benign,benign
ISIC_0035927.jpg,benign,benign
ISIC_0035928.jpg,benign,benign
ISIC_0035929.jpg,benign,malignant
ISIC_0035930.jpg,malignant,benign
ISIC_0035934.jpg,benign,malignant
ISIC_0035935.jpg,malignant,benign
ISIC_0035936.jpg,benign,benign
ISIC_0035938.jpg,benign,malignant
ISIC_0035939.jpg,benign,benign
ISIC_0035941.jpg,malignant,benign
ISIC_0035943.jpg,benign,benign
ISIC_0035945.jpg,benign,benign
ISIC_0035947.jpg,malignant,benign
ISIC_0035948.jpg,malignant,benign
ISIC_0035951.jpg,benign,benign
ISIC_0035954.jpg,malignant,benign
ISIC_0035956.jpg,malignant,malignant
ISIC_0035958.jpg,benign,benign
ISIC_0035961.jpg,benign,benign
ISIC_0035962.jpg,benign,benign
ISIC_0035963.jpg,benign,benign
ISIC_0035964.jpg,malignant,malignant
ISIC_0035965.jpg,benign,benign
ISIC_0035966.jpg,malignant,benign
ISIC_0035967.jpg,benign,benign
ISIC_0035968.jpg,malignant,malignant
ISIC_0035969.jpg,benign,benign
ISIC_0035970.jpg,benign,benign
ISIC_0035971.jpg,malignant,benign
ISIC_0035972.jpg,benign,benign
ISIC_0035973.jpg,malignant,benign
ISIC_0035974.jpg,benign,benign
ISIC_0035975.jpg,benign,benign
ISIC_0035978.jpg,malignant,benign
ISIC_0035979.jpg,benign,benign
ISIC_0035980.jpg,malignant,benign
ISIC_0035981.jpg,malignant,benign
ISIC_0035983.jpg,benign,benign
ISIC_0035984.jpg,malignant,benign
ISIC_0035985.jpg,benign,benign
ISIC_0035986.jpg,malignant,malignant
ISIC_0035987.jpg,benign,benign
ISIC_0035988.jpg,benign,benign
ISIC_0035989.jpg,malignant,benign
ISIC_0035990.jpg,benign,benign
ISIC_0035991.jpg,malignant,benign
ISIC_0035992.jpg,malignant,malignant
ISIC_0035994.jpg,benign,benign
ISIC_0035995.jpg,benign,benign
ISIC_0035997.jpg,malignant,malignant
ISIC_0035998.jpg,benign,benign
ISIC_0035999.jpg,benign,benign
ISIC_0036001.jpg,benign,benign
ISIC_0036005.jpg,benign,malignant
ISIC_0036010.jpg,benign,benign
ISIC_0036012.jpg,malignant,malignant
ISIC_0036013.jpg,malignant,benign
ISIC_0036014.jpg,benign,benign
ISIC_0036017.jpg,malignant,benign
ISIC_0036020.jpg,benign,benign
ISIC_0036024.jpg,malignant,benign
ISIC_0036026.jpg,malignant,malignant
ISIC_0036027.jpg,benign,benign
ISIC_0036028.jpg,malignant,benign
ISIC_0036029.jpg,benign,malignant
ISIC_0036030.jpg,malignant,benign
ISIC_0036033.jpg,benign,benign
ISIC_0036034.jpg,malignant,malignant
ISIC_0036036.jpg,malignant,benign
ISIC_0036037.jpg,malignant,benign
ISIC_0036038.jpg,benign,benign
ISIC_0036039.jpg,benign,benign
ISIC_0036040.jpg,malignant,benign
ISIC_0036041.jpg,benign,benign
ISIC_0036042.jpg,benign,benign
ISIC_0036044.jpg,benign,benign
ISIC_0036045.jpg,benign,benign
ISIC_0036046.jpg,benign,benign
ISIC_0036047.jpg,benign,benign
ISIC_0036048.jpg,benign,benign
ISIC_0036049.jpg,benign,benign
ISIC_0036051.jpg,malignant,malignant
ISIC_0036052.jpg,benign,benign
ISIC_0036054.jpg,malignant,benign
ISIC_0036055.jpg,benign,benign
ISIC_0036056.jpg,benign,malignant
ISIC_0036057.jpg,malignant,malignant
ISIC_0036058.jpg,benign,benign
ISIC_0036059.jpg,benign,benign
ISIC_0036061.jpg,benign,benign
ISIC_2061976.jpg,benign,benign
ISIC_1645097.jpg,benign,malignant
ISIC_6367358.jpg,benign,malignant
ISIC_6784337.jpg,benign,malignant
ISIC_1105887.jpg,benign,malignant
ISIC_5990594.jpg,benign,malignant
ISIC_6399573.jpg,benign,malignant
ISIC_3832733.jpg,benign,malignant
ISIC_8638329.jpg,benign,benign
ISIC_4843324.jpg,benign,malignant
ISIC_4791649.jpg,benign,benign
ISIC_9941636.jpg,benign,malignant
ISIC_5820839.jpg,benign,benign
ISIC_1246526.jpg,benign,malignant
ISIC_9127831.jpg,benign,malignant
ISIC_6168000.jpg,benign,benign
ISIC_7765155.jpg,benign,benign
ISIC_0905720.jpg,benign,benign
ISIC_4511541.jpg,benign,benign
ISIC_6923107.jpg,benign,benign
ISIC_4840630.jpg,benign,benign
ISIC_1467892.jpg,benign,benign
ISIC_9972649.jpg,benign,malignant
ISIC_3744161.jpg,benign,malignant
ISIC_4335526.jpg,benign,benign
ISIC_9000489.jpg,benign,benign
ISIC_4586629.jpg,benign,malignant
ISIC_7530668.jpg,benign,benign
ISIC_0822843.jpg,benign,benign
ISIC_8866387.jpg,benign,benign
ISIC_4543581.jpg,benign,benign
ISIC_4023678.jpg,benign,malignant
ISIC_6303907.jpg,benign,benign
ISIC_4620217.jpg,benign,malignant
ISIC_0321944.jpg,benign,malignant
ISIC_2411589.jpg,benign,benign
ISIC_7878308.jpg,benign,benign
ISIC_4425681.jpg,benign,malignant
ISIC_0157465.jpg,benign,benign
ISIC_4867539.jpg,benign,malignant
ISIC_5206103.jpg,benign,malignant
ISIC_4064127.jpg,benign,benign
ISIC_8546843.jpg,benign,malignant
ISIC_6149388.jpg,benign,malignant
ISIC_7496552.jpg,benign,benign
ISIC_2358370.jpg,benign,benign
ISIC_9859545.jpg,benign,benign
ISIC_0467830.jpg,benign,malignant
ISIC_0415769.jpg,benign,benign
ISIC_2977188.jpg,benign,benign
ISIC_7611157.jpg,benign,benign
ISIC_7254126.jpg,benign,benign
ISIC_3581982.jpg,benign,malignant
ISIC_1563382.jpg,benign,benign
ISIC_6763419.jpg,benign,benign
ISIC_5672303.jpg,benign,benign
ISIC_6269100.jpg,benign,malignant
ISIC_7660464.jpg,benign,benign
ISIC_3777678.jpg,benign,benign
ISIC_0698589.jpg,benign,benign
ISIC_4272793.jpg,benign,benign
ISIC_6389793.jpg,benign,benign
ISIC_8966407.jpg,benign,malignant
ISIC_9912548.jpg,benign,benign
ISIC_1969370.jpg,benign,benign
ISIC_7140852.jpg,benign,benign
ISIC_0793445.jpg,benign,malignant
ISIC_5668296.jpg,benign,benign
ISIC_6095295.jpg,benign,malignant
ISIC_3159183.jpg,benign,benign
ISIC_9019695.jpg,benign,benign
ISIC_1662809.jpg,benign,malignant
ISIC_9504403.jpg,benign,benign
ISIC_2346081.jpg,benign,malignant
ISIC_8929221.jpg,benign,benign
ISIC_2329180.jpg,benign,benign
ISIC_8662001.jpg,benign,malignant
ISIC_3955939.jpg,benign,benign
ISIC_3721080.jpg,benign,malignant
ISIC_1365846.jpg,benign,benign
ISIC_0328731.jpg,benign,benign
ISIC_5939568.jpg,benign,benign
ISIC_4384129.jpg,benign,malignant
ISIC_0994345.jpg,benign,benign
ISIC_4112120.jpg,benign,benign
ISIC_1376941.jpg,benign,benign
ISIC_1418706.jpg,benign,benign
ISIC_2235682.jpg,benign,malignant
ISIC_0104229.jpg,benign,malignant
ISIC_1396065.jpg,benign,benign
ISIC_4856683.jpg,benign,benign
ISIC_9153490.jpg,benign,benign
ISIC_8039893.jpg,benign,benign
ISIC_1790470.jpg,benign,benign
ISIC_9452490.jpg,benign,malignant
ISIC_7235721.jpg,benign,malignant
ISIC_7474544.jpg,benign,benign
ISIC_6798316.jpg,benign,malignant
ISIC_2581432.jpg,benign,malignant
ISIC_3615873.jpg,benign,benign
ISIC_7417402.jpg,benign,malignant
ISIC_5035285.jpg,benign,benign
ISIC_6242031.jpg,benign,malignant
ISIC_1216673.jpg,benign,benign
ISIC_8568371.jpg,benign,benign
ISIC_8080250.jpg,benign,malignant
ISIC_0967587.jpg,benign,benign
ISIC_9830559.jpg,benign,benign
ISIC_1211710.jpg,benign,malignant
ISIC_2857123.jpg,benign,malignant
ISIC_4853631.jpg,benign,benign
ISIC_2887867.jpg,benign,benign
ISIC_4806646.jpg,benign,benign
ISIC_3190920.jpg,benign,malignant
ISIC_3631780.jpg,benign,malignant
ISIC_7144229.jpg,benign,benign
ISIC_6998510.jpg,benign,benign
ISIC_4527534.jpg,benign,benign
ISIC_6553846.jpg,benign,malignant
ISIC_8321085.jpg,benign,benign
ISIC_0406160.jpg,benign,benign
ISIC_1512054.jpg,benign,benign
ISIC_8336318.jpg,benign,malignant
ISIC_7538059.jpg,benign,malignant
ISIC_7687199.jpg,benign,benign
ISIC_6334282.jpg,benign,malignant
ISIC_7733134.jpg,benign,benign
ISIC_5532418.jpg,benign,benign
ISIC_2266220.jpg,benign,benign
ISIC_9168295.jpg,benign,benign
ISIC_2043443.jpg,benign,malignant
ISIC_5011827.jpg,benign,benign
ISIC_5956582.jpg,benign,malignant
ISIC_0995119.jpg,benign,benign
ISIC_6424909.jpg,benign,malignant
ISIC_5366444.jpg,benign,malignant
ISIC_9413613.jpg,benign,benign
ISIC_7959932.jpg,benign,benign
ISIC_2577098.jpg,benign,malignant
ISIC_1274177.jpg,benign,benign
ISIC_7105211.jpg,benign,malignant
ISIC_1735538.jpg,benign,benign
ISIC_7646845.jpg,benign,benign
ISIC_2364514.jpg,benign,malignant
ISIC_6294286.jpg,benign,malignant
ISIC_9096346.jpg,benign,benign
ISIC_9767196.jpg,benign,benign
ISIC_3229915.jpg,benign,benign
ISIC_9702543.jpg,benign,benign
ISIC_2620684.jpg,benign,malignant
PAT_74_112_729.png,benign,malignant
PAT_1978_4004_82.png,benign,benign
PAT_397_797_638.png,benign,malignant
PAT_572_1086_130.png,benign,malignant
PAT_701_1321_156.png,benign,benign
PAT_2142_4733_13.png,benign,benign
PAT_1708_3157_518.png,benign,benign
PAT_630_1196_710.png,malignant,malignant
PAT_382_776_986.png,benign,malignant
PAT_1089_375_60.png,benign,benign
PAT_1326_1156_783.png,benign,benign
PAT_936_1772_886.png,benign,malignant
PAT_478_916_806.png,benign,malignant
PAT_183_283_495.png,benign,malignant
PAT_885_1687_204.png,benign,malignant
PAT_1252_866_852.png,benign,benign
PAT_1349_1229_828.png,benign,benign
PAT_1881_3717_785.png,benign,benign
PAT_361_1568_456.png,benign,malignant
PAT_837_1583_124.png,benign,malignant
PAT_801_1518_78.png,benign,malignant
PAT_1694_3110_213.png,benign,benign
PAT_715_1339_508.png,malignant,benign
PAT_876_1665_569.png,benign,malignant
PAT_467_904_235.png,benign,malignant
PAT_1451_1562_545.png,benign,benign
PAT_1770_3344_274.png,benign,benign
PAT_456_888_961.png,benign,malignant
PAT_430_847_315.png,malignant,malignant
PAT_1245_844_471.png,benign,benign
PAT_810_1526_67.png,benign,malignant
PAT_858_1632_977.png,benign,malignant
PAT_1971_3984_534.png,benign,benign
PAT_149_221_679.png,benign,malignant
PAT_756_1495_858.png,benign,benign
PAT_8_15_820.png,benign,malignant
PAT_340_714_68.png,benign,malignant
PAT_679_1286_933.png,benign,malignant
PAT_89_135_11.png,benign,malignant
PAT_699_1320_901.png,benign,malignant
PAT_338_709_306.png,benign,malignant
PAT_547_1033_911.png,benign,malignant
PAT_945_1796_583.png,benign,malignant
PAT_962_1823_942.png,benign,malignant
PAT_891_1701_36.png,benign,malignant
PAT_206_312_595.png,benign,malignant
PAT_243_372_640.png,benign,malignant
PAT_164_255_130.png,benign,malignant
PAT_759_1538_566.png,benign,malignant
PAT_456_887_499.png,benign,malignant
PAT_806_1520_708.png,benign,malignant
PAT_904_1736_851.png,benign,malignant
PAT_193_297_295.png,benign,malignant
PAT_204_310_975.png,benign,malignant
PAT_147_219_206.png,malignant,malignant
PAT_1350_1230_925.png,benign,benign
PAT_510_959_174.png,benign,malignant
PAT_494_939_518.png,benign,malignant
PAT_736_1392_562.png,benign,malignant
PAT_142_210_904.png,benign,malignant
PAT_272_420_10.png,malignant,malignant
PAT_705_1326_82.png,benign,malignant
PAT_918_1742_456.png,malignant,malignant
PAT_545_1029_650.png,benign,malignant
PAT_267_412_275.png,benign,malignant
PAT_146_217_187.png,benign,malignant
PAT_435_854_68.png,benign,malignant
PAT_36_49_935.png,benign,malignant
PAT_972_1843_756.png,benign,malignant
PAT_486_929_317.png,benign,malignant
PAT_357_737_77.png,benign,malignant
PAT_419_2768_910.png,benign,benign
PAT_1350_1230_878.png,benign,benign
PAT_319_680_166.png,benign,malignant
PAT_165_256_460.png,benign,malignant
PAT_1946_3924_627.png,benign,benign
PAT_677_1349_851.png,benign,malignant
PAT_325_689_528.png,benign,malignant
PAT_419_833_148.png,benign,malignant
PAT_1008_59_297.png,benign,benign
PAT_288_441_312.png,benign,malignant
PAT_131_197_260.png,malignant,malignant
PAT_216_331_678.png,benign,malignant
PAT_844_1605_308.png,benign,malignant
PAT_551_1047_567.png,benign,malignant
PAT_837_1584_745.png,benign,malignant
PAT_314_672_909.png,benign,malignant
PAT_99_153_636.png,benign,malignant
PAT_689_1306_772.png,benign,malignant
PAT_730_1383_535.png,benign,malignant
PAT_1721_3219_737.png,benign,benign
PAT_482_924_134.png,benign,malignant
PAT_1636_2869_595.png,benign,benign
PAT_527_1360_225.png,benign,malignant
PAT_1364_1246_143.png,benign,benign
PAT_1109_436_141.png,benign,benign
PAT_1186_680_578.png,benign,benign
PAT_406_808_975.png,benign,malignant
PAT_841_1603_667.png,benign,malignant
PAT_311_667_416.png,benign,malignant
PAT_87_133_159.png,benign,benign
PAT_993_1865_559.png,benign,malignant
PAT_601_1147_943.png,benign,malignant
PAT_377_768_643.png,benign,malignant
PAT_242_369_930.png,benign,malignant
PAT_251_382_576.png,benign,malignant
PAT_1731_3237_919.png,benign,benign
PAT_613_1164_827.png,benign,malignant
PAT_789_1483_793.png,benign,malignant
PAT_978_1844_715.png,benign,malignant
PAT_2161_4818_501.png,benign,benign
PAT_324_1465_43.png,benign,malignant
PAT_1658_2933_322.png,benign,benign
PAT_1904_3794_215.png,benign,benign
PAT_1730_3236_201.png,benign,benign
PAT_974_1841_693.png,benign,malignant
PAT_1942_3915_388.png,benign,benign
PAT_315_673_227.png,benign,malignant
PAT_814_1532_545.png,malignant,malignant
PAT_544_3299_671.png,benign,benign
PAT_535_1011_567.png,benign,malignant
PAT_270_417_257.png,benign,malignant
PAT_1801_3461_351.png,benign,benign
PAT_50_76_296.png,benign,malignant
PAT_267_1062_418.png,malignant,malignant
PAT_2162_4820_913.png,benign,benign
PAT_649_1233_229.png,benign,benign
PAT_395_795_43.png,benign,malignant
PAT_275_424_966.png,benign,malignant
PAT_756_1496_599.png,benign,benign
PAT_115_175_283.png,malignant,malignant
PAT_171_265_757.png,benign,malignant
PAT_711_1334_480.png,benign,malignant
PAT_514_968_269.png,benign,malignant
PAT_40_56_499.png,benign,malignant
PAT_720_1362_700.png,benign,malignant
PAT_191_293_314.png,benign,malignant
PAT_1944_3921_281.png,benign,benign
PAT_520_983_221.png,malignant,malignant
PAT_467_904_776.png,benign,malignant
PAT_1494_1707_125.png,benign,benign
PAT_320_681_410.png,benign,malignant
PAT_687_1304_898.png,benign,malignant
PAT_155_240_211.png,malignant,malignant
PAT_158_243_947.png,benign,malignant
PAT_860_1641_440.png,benign,malignant
PAT_683_1296_237.png,benign,malignant
PAT_441_861_415.png,benign,malignant
PAT_1418_1448_307.png,benign,benign
PAT_198_853_778.png,benign,benign
PAT_834_1574_397.png,benign,malignant
PAT_160_248_254.png,benign,malignant
PAT_1331_1173_380.png,benign,benign
PAT_281_1517_293.png,benign,benign
PAT_465_901_627.png,benign,benign
PAT_678_1287_652.png,benign,malignant
PAT_981_1848_486.png,benign,malignant
PAT_894_1679_640.png,benign,malignant
PAT_1569_2456_393.png,benign,benign
PAT_2088_4525_507.png,benign,benign
PAT_950_1804_64.png,benign,malignant
PAT_632_1206_634.png,benign,malignant
PAT_770_1451_136.png,benign,malignant
PAT_523_988_851.png,benign,malignant
PAT_624_1180_803.png,benign,malignant
PAT_645_1223_443.png,benign,malignant
PAT_115_1138_870.png,benign,malignant
PAT_605_1152_536.png,benign,malignant
PAT_682_1292_986.png,benign,malignant
PAT_190_291_366.png,malignant,malignant
PAT_139_207_342.png,benign,malignant
PAT_761_1435_561.png,malignant,malignant
PAT_962_1823_857.png,benign,malignant
PAT_191_294_629.png,malignant,malignant
PAT_191_294_419.png,malignant,malignant
PAT_636_1204_666.png,benign,malignant
PAT_905_1721_327.png,benign,malignant
PAT_161_250_197.png,benign,malignant
PAT_337_706_254.png,benign,malignant
PAT_426_842_458.png,benign,malignant
PAT_924_1757_704.png,malignant,malignant
PAT_935_1781_920.png,benign,malignant
PAT_838_1585_282.png,benign,malignant
PAT_980_1851_351.png,benign,malignant
PAT_423_839_717.png,benign,malignant
PAT_255_388_77.png,benign,malignant
PAT_486_929_274.png,benign,malignant
PAT_178_276_465.png,benign,malignant
PAT_645_1224_768.png,malignant,malignant
PAT_920_1747_19.png,benign,malignant
PAT_271_418_92.png,malignant,malignant
PAT_954_1808_415.png,benign,malignant
PAT_406_1542_754.png,benign,malignant
PAT_887_1688_436.png,benign,malignant
PAT_62_97_868.png,benign,malignant
PAT_1305_4097_251.png,benign,benign
PAT_611_1158_156.png,benign,malignant
PAT_185_285_862.png,malignant,malignant
PAT_856_1626_523.png,benign,malignant
PAT_1273_952_89.png,benign,benign
PAT_1731_3237_197.png,benign,benign
dc2fabd3-d0b3-4f97-9422-1689f0cc8ead.png,benign,malignant
a7f11865-a615-45c8-ba1d-af3210a9aeb8.png,benign,benign
80cf5ca4-17a0-45f5-8d88-6068792975d9.png,benign,benign
b0a1a9ff-4676-409d-9da5-c767d4d249b0.png,benign,benign
e791bcdf-f49e-4a70-b78f-9593ed8426c3.png,benign,benign
813cf123-3bde-4bd4-84e9-8c5c204effa3.png,benign,malignant
c49d8702-68d5-4006-a7cc-998af2fc6557.png,benign,benign
7f05cc46-0798-4e91-af66-fe87837b7f67.png,benign,benign
d93cb6a1-862e-41d0-ab51-cc69e7969f58.png,benign,malignant
2361ca88-5c90-4e2c-a6ab-fdb3585a98b9.png,benign,benign
ed3dd40a-0743-4440-8375-817558dd429a.png,benign,benign
9c7289a0-fd78-41d0-96e5-6998acee595f.png,benign,benign
e47d887e-aa21-40a8-b772-10792a3805a1.png,benign,malignant
d199a863-4f8a-4a28-9638-e5655bb8cefa.png,benign,malignant
52a3bfda-8358-436d-86b7-66f9d326b09b.png,benign,benign
7d270825-30de-4f78-9269-949c3270abd6.png,benign,benign
d8f39a2b-6d8b-4900-888a-5e4c3ed8e5fa.png,benign,malignant
0e8b3967-78a6-4ef1-90bc-2fd80c257e2e.png,benign,malignant
62cf61c7-4b2b-452a-8207-1d24ff3c92b0.png,benign,malignant
22a8064a-4411-422b-a0c0-1d629d9007ab.png,malignant,malignant
21e5fbe1-823c-4d10-bf29-1488154352be.png,benign,malignant
6670e267-f5cc-42ab-abdb-6dd791ca5269.png,benign,benign
f28264fd-20e8-4498-acf6-3b605fe088bc.png,benign,malignant
f015f556-e4cb-4a6f-9af3-388b878c0560.png,benign,benign
0e81889b-56f6-467e-a7eb-a9b1f6619ed7.png,benign,malignant
bd9d4044-1e8e-46ba-82bf-88c303418629.png,benign,malignant
f38393e7-1f2f-4938-aed4-0d105cd77b0d.png,benign,malignant
dc6577bb-e46a-4054-8204-3b254d5aeede.png,benign,benign
1f9f2c0f-a1b1-4bdb-b58c-cd6e3a07d0d7.png,benign,benign
31c41cce-fca2-4ad7-be41-6d57d6333f72.png,benign,benign
64e3b54c-2625-4f35-8a05-7634eb2a013e.png,benign,benign
e3045002-cdca-44e0-938c-7652d8dca133.png,benign,malignant
adc4afac-84d0-4444-9e13-67211bb8c3aa.png,malignant,benign
bd05c5cf-20cc-484c-b318-1fbc73f6d241.png,benign,malignant
520d14bd-54dd-453d-a712-632dc74923e3.png,benign,benign
fd936f26-eb98-45cf-8e45-68f52a81cc24.png,benign,malignant
296b2aa3-1167-46db-8e2f-a0abfea3ca7e.png,benign,malignant
12bb071b-3e9f-4079-97cc-38befde82ba9.png,benign,malignant
6ddb3cad-d034-4700-9652-671141806388.png,benign,benign
c350d1cb-dfa2-4b42-81d6-665354705a0c.png,benign,malignant
98450561-8fa1-471b-ba66-3ad407e5c235.png,benign,malignant
efe79beb-a72b-4455-8206-6a83bac6393c.png,benign,benign
7d058cc7-e82f-4c5d-a3e1-cbc103e31e06.png,benign,malignant
6c64d815-ee7e-45e9-8223-65758ce55454.png,benign,malignant
6b97582b-1b95-4336-a513-dcfd13c5559e.png,benign,malignant
f3e3ed27-aa54-4ed5-97be-9e0fba8cdbed.png,benign,malignant
7fe050e5-499c-464d-ad87-c23254e16af0.png,benign,benign
0d099994-2407-4897-bcdd-5bb0c26be310.png,benign,malignant
95cddf39-8896-4a6e-b2df-e4039f88481d.png,benign,benign
2b97f68d-0bd2-41c4-bb09-bbc7a1b57e13.png,benign,benign
edf5c784-4cc1-46d5-938c-e287ce7cbabb.png,benign,benign
8ecc0158-59f6-4110-9afa-277a9ef8e67f.png,benign,benign
c74306b8-5900-4706-b6e0-01cb49a5f8ec.png,benign,benign
09811c05-6cb0-49ff-ab4c-c3b230c4b720.png,benign,benign
ab811374-c659-4815-909d-84be8a2d9db6.png,benign,benign
c5cbc9e8-f0a4-46b6-b3f7-b0b480a5f434.png,benign,benign
01fd860c-2501-42b3-98b1-4c885b432648.png,benign,benign
dc791a9d-6ecb-41c3-83f3-14e2bb2d6800.png,benign,malignant
fc2e631d-ed13-4bee-ab5a-fe18ad068f74.png,benign,malignant
c443f8c3-c1ed-4936-84b5-e0b73368e550.png,benign,benign
4e781904-b73d-4f79-a980-05685368308f.png,benign,benign
4e79c701-e24c-4f1f-a13d-62acf57b7f91.png,benign,benign
28b73db5-0548-4d46-9250-e957848a1c4b.png,benign,benign
3acd7d09-7b20-4998-aceb-fc61b3ffe3f3.png,benign,malignant
14153cdb-95c1-4936-ad88-b3cee231067e.png,benign,benign
b10bfdc7-6a97-4982-855b-53ebe0affc28.png,benign,malignant
91a74dc3-70c5-47f5-835d-0439ca237a1d.png,benign,malignant
5e29986f-cc4c-4649-9988-c6aea8fca38b.png,benign,malignant
d55e2a86-d526-4af5-908c-bd3678961f4b.png,benign,malignant
b6f5449f-4cb5-4364-8e38-2947080e0e60.png,benign,benign
1600637c-bdbd-4e17-9099-d20d2317afe9.png,benign,benign
2e4e43b9-da54-492d-a2c3-e10ca00ae5eb.png,benign,benign
7241c3a8-f409-42e0-9bfc-4e8d8fbe3e93.png,benign,malignant
e4314b79-e59d-4ad9-bb81-508dd8a10ebd.png,benign,benign
4d9cf37a-db98-4042-9b7a-29564e17dba1.png,benign,benign
13dac258-d079-489f-b5b0-2121352623c8.png,malignant,benign
96b097d4-323d-4b8d-8f2a-32b7ae5e3ce2.png,benign,malignant
26541014-ef95-4ef2-afa4-9b5dd1d0ab63.png,benign,benign
9d772da5-b81e-40c0-a5d7-d61e27b4b6ac.png,malignant,malignant
c8ce8a8a-b3dc-4bf6-ad1b-7e3792f9e1d7.png,benign,malignant
bfd367fa-5fe0-4785-b2f9-1d868189464d.png,benign,benign
91378a29-96d9-4c75-b805-af513b9d13e4.png,benign,malignant
af43a98c-836c-4053-8161-c41e9b0645b4.png,benign,benign
14f477ce-b53e-4c81-8be8-36c9630d7aa0.png,benign,malignant
a8b7bfe5-59cc-403a-b71d-273a1b1942b3.png,benign,malignant
424b3f86-446f-418b-b626-958e4ba49333.png,benign,malignant
b1b78c10-e7ae-4a57-b08d-0ffcba8b85d8.png,benign,benign
15fd4e68-4082-4f2f-b620-7ea5fca047a1.png,benign,malignant
6eef71cd-d2a9-43c3-961c-3d52af560120.png,benign,benign
1a1df3a5-f1c0-43eb-a778-c43b258b3e11.png,benign,benign
64472f0d-0d55-4574-b1a7-adcb9452ae76.png,benign,malignant
d7c47153-38c8-488b-a6e2-384ea26c8e78.png,benign,malignant
022a52d2-9210-46d8-b97d-f9a78790ffc4.png,benign,malignant
01620c44-3cfb-4fcd-a8d9-b6ad991783b0.png,benign,malignant
7a82e8d5-15e6-42d6-8d43-b35e2158a592.png,benign,malignant
41fdd74b-a98e-4c59-ae44-a0ff61454422.png,benign,benign
2ba7189e-9ffa-446e-9450-caaca8baffd2.png,benign,malignant
d53eff88-45fc-42d2-9ef0-7913edb607b3.png,benign,benign
3382f96a-daf0-4b40-83ea-ffb31b3bf187.png,benign,benign
837331ad-9524-4790-b55b-1966d290a0d7.png,benign,benign
ef4b371a-650a-46bb-ae94-acf74e0a11b5.png,benign,malignant
50453632-1f97-4cc2-a648-959aa89cdbc1.png,benign,benign
baa1dff7-a39e-4e7e-af94-3232bf0d2813.png,benign,benign
dddecdcd-4cb5-4ddc-bdc0-cf69506cc5e3.png,benign,benign
ce7fb216-a8fa-4893-a027-293fcff360cb.png,benign,benign
3d7be66f-0abb-424b-a32e-be3d02f365ea.png,benign,malignant
1f5b985a-3b76-4377-9a52-ff6f95fd5155.png,benign,benign
fc04fb60-3a68-40f1-b3e3-de9f0ac14cdf.png,benign,benign
0ccea8b5-d45f-4545-ac64-0d589d51d706.png,benign,benign
06c85032-9add-44b7-91f7-5b476bfc3029.png,benign,malignant
82bd73f2-24fb-4fae-9069-9e9e17a2c256.png,benign,malignant
714b2567-da40-4647-b42a-31b7032fb606.png,benign,benign
a4075ece-4c7b-4ce4-af5a-0350b59db6e3.png,benign,malignant
72c233f2-d9fa-4615-832b-1f320b51625c.png,benign,benign
e08128b6-b8a4-4842-9bf1-36a1c566b8a2.png,benign,benign
96b2a9b2-6340-4735-95a7-2b86d120863e.png,benign,malignant
9d4ce1d4-3556-4032-8d19-a0d092ff485b.png,benign,malignant
0f4d06d5-05ce-4bf5-a15d-b1b7e1527eb1.png,benign,benign
3bc1f6a1-3cd0-43ac-bf8e-3dc2eff7f500.png,benign,benign
10ed66e0-2b13-4d30-a39a-98751010dc1a.png,malignant,malignant
9c884701-8145-46d5-a48a-9f763bc22e42.png,benign,benign
49e19636-2eb8-4256-92a4-3b0d991f5593.png,benign,malignant
ef55c005-25ce-4f08-a3dd-a311a3f6ed7d.png,benign,benign
fad1d18f-ee7d-429c-adb1-a4c5fca581db.png,benign,benign
d9ce7199-8f67-4ff6-8131-3cedcaafb0a3.png,benign,malignant
081daca6-6b2a-49e6-b8ba-4b594c236bc0.png,benign,benign
7d8673f9-73fe-47d3-bf02-c01014e53e38.png,benign,benign
3a0e85ff-7a0b-4b9f-943c-27b2e39c8969.png,benign,malignant
115b4e4e-c8dc-48f4-8688-8ffe29b342ed.png,benign,benign
0f3cf985-25e3-45a5-83a5-b5c8b4ef22d0.png,benign,benign
61a07909-4196-4624-a9e3-b2f590960267.png,benign,benign
9bf7768e-ac37-4ad2-aa90-05f4740a5742.png,benign,malignant
f15a2775-e21a-4100-91f4-80481cc68c00.png,benign,benign
6890383e-c2fe-44ba-864a-16d121fdccc2.png,benign,malignant
63e3b4b9-1821-4785-9426-4113e5a20586.png,benign,malignant
b3268c0d-88a5-46be-8120-b15fbdb33775.png,benign,malignant
93a6baac-4986-4d6b-b4bd-b9206bfe07ba.png,benign,benign
dd4ddecb-3268-4a4d-8865-a2b027f7a6d2.png,benign,benign
a0b52142-89e0-452c-8eb2-442b5c1696b2.png,malignant,malignant
fab3e653-8d75-4027-8608-5690faf34b90.png,benign,malignant
cdf478cc-c113-4c5c-94b3-0a94b95f719e.png,benign,benign
79b263f6-bc35-4cf0-8297-ec6e8b082bb4.png,benign,malignant
7f515d75-65b6-4f4d-bdcb-fdac3242c717.png,benign,malignant
707d57c9-b162-46b2-a19d-d00d1863a444.png,benign,benign
c347d979-5a84-41ee-a3f6-174e2620c9b8.png,benign,benign
f0713206-4e1e-45de-9c2e-244a7da9e9cb.png,benign,benign
071d7532-ad69-4176-bdde-6fccd056957a.png,benign,benign
5253d8b3-ef61-4621-aca0-07ca8753f80b.png,benign,benign
f80aa689-afea-4bc8-acc7-23156337dcf4.png,benign,benign
76964f22-9c50-44b7-9a73-61b8c979bff7.png,benign,benign
e31701df-93d4-46fd-b8e4-acb96547ac2c.png,malignant,malignant
788e192b-bfcd-4107-af7b-7e8911bf3c1b.png,benign,malignant
6692a3b2-9993-45a0-96ef-297966e7fb6c.png,benign,malignant
6b25eb19-4af2-4de3-8518-d39f1cd8d39c.png,benign,malignant
48d67342-a025-4dc2-8db7-535bec8b0a97.png,benign,benign
955354f9-a2e3-4587-90b0-9539f465878b.png,benign,benign
3e079d63-6687-4f47-981d-305c5af3be3a.png,benign,benign
98f82416-8b63-490f-b41f-2a644ed3ed65.png,benign,malignant
710cc059-5722-43c1-b803-4f2e96bc5aa0.png,benign,malignant
b0efb4b5-bd54-4a09-95bb-04743fb2b6a8.png,benign,benign
63aa969b-90d7-47df-a696-5f1a31187cfa.png,benign,malignant
d9987618-1fa7-4702-b086-f2e28470fabd.png,benign,malignant
fe146c47-8f74-4308-8a64-db2cdd4eaafe.png,benign,malignant
c7b8bbea-02c8-4b67-94a6-ff5c4a6e5044.png,benign,benign
6c58e7ef-7a58-4518-921f-8779c8bb7446.png,benign,malignant
84a34293-fe3c-4b38-bb7e-654232b5d128.png,benign,benign
e4c4e7e4-e028-4edf-9911-7c02b4a6dbbf.png,benign,benign
b1ee3f71-fa64-4bd1-8165-484d9dd734e7.png,benign,malignant
3ae9a7da-5437-4309-b09a-df58d777a586.png,benign,malignant
648b397b-7abf-4a57-84b3-a37285ff2c90.png,benign,malignant
1f4d30f1-c6d4-42ec-bf23-54ebabde58bf.png,benign,malignant
97fc2b62-e464-478c-aad3-a3bac5f1203f.png,benign,benign
055b7a27-50da-4009-992f-8902823bfb52.png,benign,malignant
f71b334d-aeb5-436b-af49-30ffcd63e14c.png,malignant,malignant
af2c9b1d-7b00-43c5-85c5-274473e9bd75.png,benign,malignant
9352e110-35f1-4aa1-b964-9c5dae446997.png,benign,benign
099142c9-be31-49bd-b590-e53e1a9acb7f.png,benign,malignant
67a5d30d-e8d4-447e-ace3-4b0bb70d01a9.png,benign,benign
e54db9be-6d0d-4ee6-bedc-74f8c6e307f6.png,benign,benign
c7bcf29b-fc46-47d5-b21f-54a37701b632.png,benign,benign
a9cbd4a4-9aa8-4a4a-b292-f4d771b274cb.png,benign,benign
c2d4df77-42f6-4aa5-914c-11d122f22a4c.png,benign,malignant
0bce332b-1d74-4096-8817-cc2da0ef2e99.png,benign,benign
da3c2921-6e89-477b-b1b0-e06fe7a239f5.png,benign,benign
9a08a0cf-f45e-40ba-9ac2-4a8204b5429c.png,benign,benign
e8fa499c-61b3-44c0-878b-f410aecaca9a.png,benign,malignant
8966a717-c8f7-44f9-830d-d44867fef6f5.png,benign,benign
75ea6a64-c46b-40c6-b5fa-a1a5459e0cdf.png,benign,malignant
5eb8a38c-5c80-41ef-b1a9-54826edcac1e.png,benign,benign
d36db547-f384-463c-9e47-d94b84b6e4d2.png,benign,benign
4761d3b5-65ce-4b00-8920-97c98c88e7f3.png,benign,benign
46a522bd-95fc-4225-8e3f-ae29d24a502f.png,benign,benign
72537069-51c8-4ab9-b1fd-cb6345f4fed1.png,benign,benign
7da0f48e-2f39-499b-ac93-387ac69ca712.png,benign,malignant
ad065702-2c53-455a-bd40-dc29cf53cad3.png,benign,benign
3375688b-bba6-4ca4-aa6f-9341cae58c10.png,benign,malignant
7f1b5ee2-6a34-4f3f-bd37-9d1b936e2c6e.png,benign,malignant
f88fcb01-877f-4f84-8adb-5a7b4ed23f38.png,benign,benign
d5af4eac-3c23-4fad-9d14-0069df822b86.png,benign,benign
952ef3ba-c052-45bc-8918-16b283a57223.png,benign,benign
1a64870f-8bde-4f92-970c-ee69a96a373e.png,benign,malignant
d8051a7b-5a5e-42fa-b2e6-54512c8a41d9.png,benign,malignant
715f5d63-e55d-46dd-90de-3ef949c58a47.png,benign,benign
9fe3f510-d0ec-47fe-97fb-db3a9e266126.png,benign,malignant
0a44b1c7-c8e9-4fdf-8559-177e51b7d9da.png,benign,benign
ea5857de-7b24-41a9-b69f-c6eb9e595bd2.png,benign,benign
b21d0db0-253b-46af-b1c9-e904c9cd2bd7.png,benign,benign
0aa5c55c-fcfa-41ee-8453-a157c21a5bd6.png,benign,malignant
64961a2f-4df5-4357-9df1-8292b952d71e.png,benign,malignant
73f3f4ec-5bda-4778-b6ee-3f583887e6bd.png,benign,benign
422c12f3-ff23-41f4-b011-1f814d7b8f81.png,benign,benign
e7ee5dde-e5f3-4ff8-823a-fd4f133919fb.png,benign,malignant
5de9155c-2cbe-4f35-a5d5-1949c377f3ab.png,benign,malignant
d7855bba-8691-4da2-9fae-2821f40b9977.png,benign,benign
3be3d5ed-920c-45b8-aa98-4682bb0983bf.png,benign,benign
2e7e6435-4ac6-4564-b7ff-23047edbeadc.png,benign,benign
1cfece0f-5ad7-498e-823f-3e77ba8c2f66.png,benign,benign
4ad4d2e4-2a64-40bb-8bc4-4d9cb330ba0b.png,benign,malignant
3d8757c8-1c35-4a69-af20-87e0fff0e20c.png,benign,benign
73ef11cb-a934-4e51-ab96-7dba002d88cf.png,benign,benign
d2e3ce4d-3180-40eb-b592-511c4dd2a145.png,benign,benign
cef51235-70cd-4d11-8335-cbb19bc88ce8.png,benign,benign
ef1b87c8-ff7b-4698-80b2-2bfa10048e47.png,benign,malignant
3c1393d2-8d07-48c5-a69e-d8bdb681c0f1.png,benign,malignant
3f39d356-3e70-4153-b13b-d445ae3908a8.png,benign,benign
3a515f96-8dd2-405e-b2dc-4040d5909ca9.png,benign,benign
5b2b7ca8-f3d9-46f3-80e9-0f53abfcf46f.png,benign,benign
702dfcc8-71f4-4163-a378-dc26635626db.png,benign,malignant
d5ef62db-d4ef-4d18-bc6c-33dd553c86b9.png,benign,benign
9c8d746d-26d5-49dd-a4ed-4eadc3d0a6af.png,benign,malignant
c7fe82cb-e8d0-411b-916e-1909d132053d.png,malignant,malignant
61acaa26-e07b-40d2-90d3-b87290bc191a.png,benign,malignant
a2ed37fe-2234-477f-8d12-4cda006e5f89.png,benign,malignant
b4da7475-e846-4fd4-96da-01a6debd7890.png,benign,malignant
1fc4db22-72a9-4f15-8365-0cb73066b09a.png,benign,benign
3380002d-c9be-48dc-a2b2-988533b1fd51.png,benign,malignant
142bd97c-e453-4354-a3e3-f9c3d67bc271.png,benign,malignant
4cf11f3e-8e87-4feb-8645-d115018a834c.png,benign,malignant
3fc00765-fa36-4aca-aac3-ab9be4056807.png,benign,benign
9666cfc0-28ee-4859-8c1d-e51186be1f8e.png,benign,benign
66c680ec-6dfe-4921-8f5b-6a336f7b5326.png,benign,benign
73f4ced0-7385-4dd0-a820-60421660feb4.png,benign,benign
747bb8c5-a5ec-4510-8776-ef22705bcc11.png,benign,benign
4fcf5cf3-588f-47ff-8ee9-1bc2e2b806a1.png,benign,benign
cb9e58de-107c-4ffe-b26f-6f95c95f238d.png,benign,benign
cda8d9c9-a680-40d3-b157-7c38f52c299d.png,benign,malignant
02a9c8b3-cede-447d-8a17-31604aaff04b.png,benign,malignant
14e2f6e1-fd5a-4f9e-b604-cc512113747c.png,benign,malignant
5e0c46a3-b166-486f-98a6-4ebc2323d9dc.png,benign,malignant
7206826a-6dc8-42d9-bb33-f7f838528ad5.png,benign,benign
cfff0b1a-94e1-46d7-a82d-87c867e3f161.png,benign,benign
059107b2-33aa-41a9-a3d5-9b5c3cb9d87f.png,benign,benign
cf944ca1-5f49-4555-9aac-13e626d0ebed.png,benign,benign
a1b726b9-dcb9-4fb1-8de0-6e4a934c5905.png,benign,benign
a0432fde-c63d-4070-b84a-3f98c60c5d45.png,benign,malignant
40b58d27-dd7c-406e-916f-08db8a56bc7b.png,benign,benign
9f072b42-51ce-4df4-94cd-572ab660fe89.png,benign,malignant
157c35e1-a69a-4786-a5a2-74368d275006.png,benign,benign
4396b67f-1f38-47b9-bd51-e7b478b57ce7.png,benign,benign
f9b1f165-bec1-4812-a120-5d6eb9b16be5.png,benign,benign
1e37cdf4-75f7-45a8-b44b-c80393e42810.png,benign,benign
092c1a32-508e-4ff3-a44c-849a883ae2e3.png,benign,benign
f6565aad-837a-40ea-a11d-632e751f3a96.png,benign,benign
0fa17225-5836-4d9c-b217-efe35abe453e.png,benign,benign
458efd6a-48c9-42bc-b469-3f661524568b.png,benign,benign
a54322c9-e0ee-422c-bb68-555479931867.png,benign,benign
75439596-2265-4612-b4bb-1fbf06c8537d.png,benign,benign
7bfa515f-956c-491a-a893-f030d6c2ea3f.png,benign,malignant
ef7e44a9-6526-4d18-9ad2-fa98242d03c9.png,benign,benign
3f6c5b5d-8a21-4d7d-bf52-6fdecd4de090.png,benign,malignant
382d7dd3-aec4-451e-b4e1-7f3cb8e68a83.png,benign,malignant
b13a775f-941c-4b1c-ad70-dc52531a60f8.png,benign,benign
9c11050d-5a6d-4290-a3a4-070a0f1faec3.png,benign,malignant
36c2a632-cded-445f-940f-41fcfd6c38c8.png,benign,benign
d73509a2-37e1-44ab-a417-8197b939ca08.png,benign,benign
5fa7e971-42a7-4cda-b94a-3ac7b4e48aec.png,benign,malignant
11c9c949-0de1-4839-afee-c88205476fb0.png,benign,benign
047b302c-1f64-4569-b2e5-822d0bce6a51.png,benign,benign
6698a4df-4282-416d-9181-1b96fd2f94c4.png,benign,benign
e6546be1-1dba-4f42-a442-844e9807f1dd.png,benign,benign
b6f2fbb8-e3ae-44af-99d9-4d7b684d50a9.png,benign,malignant
d438ed02-5367-43a9-b314-944fab3d09cc.png,benign,malignant
4b00d3fc-e004-4691-a377-376b39da865b.png,benign,malignant
11329c26-77e0-4125-a93c-d0edffe190d5.png,benign,benign
b1837324-112a-4a76-9c79-2edd654620d4.png,benign,malignant
33f6114e-d98e-45d6-b321-049a2aa10e98.png,benign,malignant
06642142-c54c-45ab-b64b-19bed26531a7.png,benign,benign
cbb1019b-08e0-4ddf-a04f-7e27608c2a65.png,benign,benign
c2a65a44-b2ea-4e42-b68f-ab24ca63b100.png,benign,malignant
5b2b0feb-74d6-4a6d-a4cc-190596a1f3ab.png,benign,malignant
e9ae2c22-03d7-43a2-8b3a-dd555e93ef0d.png,benign,benign
78ba1df4-6a31-4bbf-83c6-86f3554c551b.png,benign,benign
cb991d21-0c46-4328-b38c-30f4fe47249b.png,benign,malignant
eb95b2a8-adc1-4644-8671-c60173075559.png,malignant,malignant
f61c001c-0360-4fea-9ba8-75fbec5be819.png,benign,benign
b0e4143c-fd53-4f2d-956c-dabcfd2d3f42.png,benign,malignant
65c9e6db-3c78-49a2-bccf-c29dd8ff49ec.png,malignant,malignant
b23eafff-0d33-4b50-b3b7-2e7540ebb1d5.png,benign,benign
46b50329-c592-4d92-8755-dac527fea9d5.png,benign,benign
9a2510cf-56d4-4393-9737-a40b4d092873.png,benign,malignant
04f4504d-b94a-48e2-b21c-9421479c8c1e.png,benign,benign
3376f6c6-4ec5-4750-9693-445f2159bde8.png,benign,benign
56823a47-051a-4d99-8e17-c004fe2b0854.png,benign,benign
b68dbbe5-7ac7-4e69-85a7-70a36bc5260e.png,benign,benign
03594454-6b33-4958-b808-8dfdd7968461.png,benign,benign
1e11a04a-27cd-4d01-b6ed-274b9c2c8237.png,benign,malignant
4ab3fa89-4c50-42c3-ab1d-e267202b4f8c.png,benign,benign
758284ab-ffac-497c-acc9-c4fb34246403.png,benign,benign
8aeb25cb-c873-4ba1-9503-1109c7fb12fa.png,benign,benign
95a25611-69f4-4e7e-83e4-3a7db7e773ed.png,benign,malignant
26fcedc5-17b0-402f-92a1-99928f9fb19d.png,benign,malignant
e0f349fe-f21d-418e-89b8-f6aa851d0d5f.png,benign,malignant
a18dccc8-7ea8-459f-ac4b-ae5a90dff3c8.png,benign,benign
d452fd59-8288-4030-b77e-b2eefbaa1d3f.png,benign,benign
7ebba921-b125-4ec8-b042-62bce47f8b98.png,benign,malignant
29476683-7b4a-439f-8522-0af70e892b81.png,benign,malignant
75543e37-18a7-41d6-b65d-b892755683b4.png,benign,malignant
e8b3d232-4ee6-4d2c-b297-3faff1c0d679.png,benign,benign
f3955aef-d2e9-4a4c-9f24-b001c88c2bdd.png,benign,malignant
2605f622-fa19-4971-909f-8aaec7906429.png,benign,malignant
1dc0a9f0-d4a9-404b-9bb3-bdbd18ac8a62.png,benign,malignant
b338ffff-c631-4925-bdad-134c4a9d06e4.png,benign,benign
8471ce91-56d4-4b19-9638-d2134d57e4d0.png,benign,malignant
05ab2527-1147-4b97-8a9f-916b2c8bb928.png,malignant,benign
23bfd4cd-20f5-4682-8bd7-32fccebdfbea.png,benign,benign
9c2b5ae0-06ce-4aef-b1dc-041ef5ed4c0a.png,benign,malignant
461458d5-5bf4-4c6b-bbe5-10d0403f7303.png,benign,benign
64d4c598-e072-409c-a388-70a8c0ccd4f9.png,benign,benign
83459b4d-4216-46b3-b573-4021c6e1692f.png,benign,benign
bb207dc3-de0e-4b36-a4eb-054c5ce50b5b.png,benign,malignant
24e63a61-2156-403d-ab2c-6b35ec89fecf.png,benign,benign
fa7e8f59-4585-4a6c-b9ec-59e929a7eb6e.png,benign,malignant
99b785cc-53d9-40e9-87e5-f39eb8c58043.png,benign,malignant
c9344ccc-bb98-41f5-a06e-15f61e83bf9b.png,benign,benign
d9af0e73-637a-455d-b753-9735431e348c.png,benign,benign
5f7d32f0-c5e7-4940-a912-fcc6feaa3e5b.png,benign,benign
3a7a5ced-2b39-4de3-8e98-cf7f73eda24e.png,benign,benign
5614ed8e-6f0b-4d7e-b8ed-e7e8823987e2.png,benign,malignant
9f324201-0de7-429d-a2f8-6990129fd5e8.png,benign,benign
42ea76a1-7181-4321-8c25-9510c4305fba.png,benign,malignant
034545ad-7c30-4717-8f7e-f06df0ae3fca.png,benign,benign
821c40b1-a280-4a99-9f8d-278a9e3bd166.png,malignant,malignant
08e67e31-75dd-463b-8b10-fe16903a046b.png,benign,benign
fe9cd23a-8222-409b-8f37-bbec20d04044.png,benign,benign
55098b1f-e19a-4197-9139-dd0401e03866.png,benign,malignant
9ee23521-1941-43fd-8374-8dc389a53476.png,benign,malignant
5fab4292-5ffe-4c75-bf11-983fd70e90ec.png,benign,malignant
a21f0893-2e66-4aa6-9dd3-4d1ac8f1055b.png,benign,benign
49fd53a3-a3dd-4db5-a700-3c24c5efaa16.png,benign,benign
758d6c48-1063-4a43-b4d7-04c3da38f111.png,benign,benign
5f5d8e31-3e1b-4324-b7ae-5bdb72cb3808.png,benign,malignant
154102f4-b590-459f-9a2c-69143b9973ff.png,benign,benign
1368a68c-532b-4d59-90f1-dfc864f565ef.png,benign,malignant
41bd999b-d50f-4fc9-b8a1-b24d64e9067a.png,benign,benign
b6c6643f-6f5f-43aa-936f-8412169cb083.png,benign,benign
5f336717-b887-4662-bbf9-5141f71c94b6.png,benign,malignant
cb44e1cc-08e8-4bfe-b8bd-17eff4bba0f0.png,benign,benign
906f6a80-a4f2-4131-9ed8-990c8af6e36b.png,benign,benign
b73b0881-8c78-4bdb-9729-c6f706bb2b17.png,benign,malignant
9b1605fc-c4fc-4f99-b226-34c30d2d7702.png,benign,benign
fb4c031e-c8c5-4db7-939c-f0a685283442.png,benign,benign
52f0789d-9ae3-4db5-8bae-8cbcb3af1eed.png,benign,malignant
94b3fe95-47ba-45ab-91c3-cfe144a53fda.png,benign,benign
fa8d600c-f1e0-4cdb-918a-f6c4c706142b.png,benign,malignant
afa1f59f-7886-41d5-9f58-84d43a30f698.png,benign,benign
c707a396-232a-4bbf-8367-5cbf2c202af7.png,benign,benign
544a83ef-8f59-4abb-83d1-13c6634ea398.png,benign,malignant
34e5655a-ddd4-4ca9-9a75-ab021bd26fcd.png,benign,benign
52924db9-ce4d-49b7-9cc1-7449dca0a35a.png,benign,malignant
24f52487-36e4-4af8-a94f-ec49c0a8017c.png,benign,malignant
1e37a626-0fd5-4dcf-b217-a6942d953c46.png,benign,malignant
1d2d5932-f8db-496c-9d79-575083fdf7ae.png,benign,malignant
7f5dd37f-8823-4663-9ba4-220ecbee35ad.png,benign,malignant
665c99db-3a1f-45ce-831d-5f62d654b089.png,benign,malignant
000493.png,benign,malignant
000014.png,malignant,malignant
000158.png,benign,malignant
000244.png,benign,malignant
000359.png,benign,malignant
000072.png,benign,malignant
000406.png,benign,malignant
000478.png,benign,malignant
000109.png,benign,benign
000282.png,benign,benign
000284.png,benign,benign
000311.png,benign,benign
000324.png,benign,benign
000439.png,benign,benign
000495.png,benign,benign
000632.png,benign,benign
000642.png,benign,benign
000111.png,benign,benign
000172.png,benign,benign
000259.png,benign,benign
000602.png,benign,benign
000605.png,benign,benign
000473.png,benign,benign
000375.png,benign,benign
000549.png,benign,benign
000513.png,benign,benign
000603.png,benign,benign
019823VB.jpg,benign,malignant
040272HB.jpg,benign,benign
10191-1.jpg,benign,benign
015565HB.jpg,benign,malignant
023442VB.jpg,benign,benign
040074VB.jpg,benign,benign
015977HB.jpg,benign,malignant
015677HB.jpg,benign,malignant
015540VB.jpg,benign,malignant
037759VB.jpg,benign,benign
019468HB.jpg,benign,malignant
020248HB.jpg,benign,malignant
015952HB.jpg,benign,malignant
029529HB.jpg,benign,benign
040770HB.jpg,benign,benign
10522-DSC02271.jpg,benign,benign
043383VB.jpg,benign,benign
003086HB.jpg,benign,malignant
001018HB.jpg,benign,malignant
015839HB.jpg,benign,malignant
029767HB.jpg,benign,benign
019373HB.jpg,benign,malignant
044507VB.jpg,benign,benign
020181HB.jpg,benign,malignant
019256HB.jpg,benign,malignant
015851HB.jpg,benign,malignant
019443VB.jpg,benign,malignant
040503VB.jpg,benign,benign
019328HB.jpg,benign,malignant
042637VB.jpg,benign,benign
003441HB.jpg,benign,malignant
045653VB.jpg,benign,benign
10280-DSC02447.jpg,benign,benign
019405VB.jpg,benign,malignant
038246HB.jpg,benign,benign
019305HB.jpg,benign,malignant
046288VB.jpg,benign,malignant
044541HB.jpg,benign,benign
015769HB.jpg,benign,malignant
004827VB.jpg,benign,benign
025704VB.jpg,benign,benign
020186HB.jpg,benign,malignant
009877HB.jpg,benign,benign
039818HB.jpg,benign,benign
019581HB.jpg,benign,malignant
009379HB.jpg,benign,benign
020237HB.jpg,benign,malignant
015840HB.jpg,benign,malignant
011001HB.jpg,benign,benign
015832HB.jpg,benign,malignant
001618HB.jpg,benign,malignant
015472VB.jpg,malignant,malignant
019956HB.jpg,malignant,malignant
015831HB.jpg,benign,malignant
026800VB.jpg,benign,benign
043940VB.jpg,benign,benign
019221HB.jpg,benign,malignant
002833HB.jpg,benign,malignant
029069HB.jpg,benign,benign
003510VB.jpg,benign,malignant
043395HB.jpg,benign,benign
002829HB.jpg,benign,malignant
031856HB.jpg,benign,benign
024681HB.jpg,benign,benign
010069HB.jpg,benign,benign
000607HB.jpg,benign,malignant
040273HB.jpg,benign,benign
015670HB.jpg,benign,malignant
039117HB.jpg,benign,benign
033598HB.jpg,benign,benign
038408HB.jpg,benign,benign
006045VB.jpg,malignant,malignant
009989HB.jpg,benign,benign
041818HB.jpg,benign,benign
012170HB.jpg,benign,benign
024166HB.jpg,benign,benign
020185HB.jpg,benign,malignant
029060VB.jpg,benign,benign
020151HB.jpg,benign,malignant
037093HB.jpg,benign,benign
028698VB.jpg,benign,benign
020009VB.jpg,benign,malignant
024991HB.jpg,benign,benign
